sinmachine_number,exhauster_number,exhauster_name,bearing_number,measure,signal,code,description,type,activity
1,1,У-171,1,bearing_temperature,temperature,SM_Exgauster\[2:27],Температура нагрева подшипника №1 (ротора привода эксгаустера №1),analog,1
1,1,У-171,1,bearing_temperature_alarm_max,alarm_max,SM_Exgauster\[2:65],Уставка аварийная max ТП т1 Эксгаустер №1,analog,1
1,1,У-171,1,bearing_temperature_alarm_min,alarm_min,SM_Exgauster\[2:74],Уставка аварийная min ТП т1 Эксгаустер №1,analog,1
1,1,У-171,1,bearing_temperature_warning_max,warning_max,SM_Exgauster\[2:83],Уставка предупредительная max ТП т1 Эксгаустер №1,analog,1
1,1,У-171,1,bearing_temperature_warning_min,warning_min,SM_Exgauster\[2:92],Уставка предупредительная min ТП т1 Эксгаустер №1,analog,1
1,1,У-171,1,bearing_vibration_axial,vibration_axial,SM_Exgauster\[2:2],Осевая вибрация подшипника №1. Эксгаустер №1,analog,1
1,1,У-171,1,bearing_vibration_axial_alarm_max,alarm_max,SM_Exgauster\[2:139],Уставка аварийная max ОВ 1т Эксгаустер №1,analog,1
1,1,У-171,1,bearing_vibration_axial_alarm_min,alarm_min,SM_Exgauster\[2:151],Уставка аварийная min ОВ 1т Эксгаустер №1,analog,1
1,1,У-171,1,bearing_vibration_axial_warning_max,warning_max,SM_Exgauster\[2:163],Уставка предупредительная max ОВ 1т Эксгаустер №1,analog,1
1,1,У-171,1,bearing_vibration_axial_warning_min,warning_min,SM_Exgauster\[2:175],Уставка предупредительная min ОВ 1т Эксгаустер №1,analog,1
1,1,У-171,1,bearing_vibration_horizontal,vibration_horizontal,SM_Exgauster\[2:0],Горизонтал вибрация подшипника №1. Эксгаустер №1,analog,1
1,1,У-171,1,bearing_vibration_horizontal_alarm_max,alarm_max,SM_Exgauster\[2:137],Уставка аварийная max ГВ 1т Эксгаустер №1,analog,1
1,1,У-171,1,bearing_vibration_horizontal_alarm_min,alarm_min,SM_Exgauster\[2:149],Уставка аварийная min ГВ 1т Эксгаустер №1,analog,1
1,1,У-171,1,bearing_vibration_horizontal_warning_max,warning_max,SM_Exgauster\[2:161],Уставка предупредительная max ГВ 1т Эксгаустер №1,analog,1
1,1,У-171,1,bearing_vibration_horizontal_warning_min,warning_min,SM_Exgauster\[2:173],Уставка предупредительная min ГВ 1т Эксгаустер №1,analog,1
1,1,У-171,1,bearing_vibration_vertical,vibration_vertical,SM_Exgauster\[2:1],Вертикал вибрация подшипника №1. Эксгаустер №1,analog,1
1,1,У-171,1,bearing_vibration_vertical_alarm_max,alarm_max,SM_Exgauster\[2:138],Уставка аварийная max ВВ 1т Эксгаустер №1,analog,1
1,1,У-171,1,bearing_vibration_vertical_alarm_min,alarm_min,SM_Exgauster\[2:150],Уставка аварийная min ВВ 1т Эксгаустер №1,analog,1
1,1,У-171,1,bearing_vibration_vertical_warning_max,warning_max,SM_Exgauster\[2:162],Уставка предупредительная max ВВ 1т Эксгаустер №1,analog,1
1,1,У-171,1,bearing_vibration_vertical_warning_min,warning_min,SM_Exgauster\[2:174],Уставка предупредительная min ВВ 1т Эксгаустер №1,analog,1
1,1,У-171,2,bearing_temperature,temperature,SM_Exgauster\[2:28],Температура нагрева подшипника №2 (ротора привода эксгаустера №1),analog,1
1,1,У-171,2,bearing_temperature_alarm_max,alarm_max,SM_Exgauster\[2:66],Уставка аварийная max ТП т2 Эксгаустер №1,analog,1
1,1,У-171,2,bearing_temperature_alarm_min,alarm_min,SM_Exgauster\[2:75],Уставка аварийная min ТП т2 Эксгаустер №1,analog,1
1,1,У-171,2,bearing_temperature_warning_max,warning_max,SM_Exgauster\[2:84],Уставка предупредительная max ТП т2 Эксгаустер №1,analog,1
1,1,У-171,2,bearing_temperature_warning_min,warning_min,SM_Exgauster\[2:93],Уставка предупредительная min ТП т2 Эксгаустер №1,analog,1
1,1,У-171,2,bearing_vibration_axial,vibration_axial,SM_Exgauster\[2:5],Осевая вибрация подшипника №2. Эксгаустер №1,analog,1
1,1,У-171,2,bearing_vibration_axial_alarm_max,alarm_max,SM_Exgauster\[2:142],Уставка аварийная max ОВ 2т Эксгаустер №1,analog,1
1,1,У-171,2,bearing_vibration_axial_alarm_min,alarm_min,SM_Exgauster\[2:154],Уставка аварийная min ОВ 2т Эксгаустер №1,analog,1
1,1,У-171,2,bearing_vibration_axial_warning_max,warning_max,SM_Exgauster\[2:166],Уставка предупредительная max ОВ 2т Эксгаустер №1,analog,1
1,1,У-171,2,bearing_vibration_axial_warning_min,warning_min,SM_Exgauster\[2:178],Уставка предупредительная min ОВ 2т Эксгаустер №1,analog,1
1,1,У-171,2,bearing_vibration_horizontal,vibration_horizontal,SM_Exgauster\[2:3],Горизонтал вибрация подшипника №2. Эксгаустер №1,analog,1
1,1,У-171,2,bearing_vibration_horizontal_alarm_max,alarm_max,SM_Exgauster\[2:140],Уставка аварийная max ГВ 2т Эксгаустер №1,analog,1
1,1,У-171,2,bearing_vibration_horizontal_alarm_min,alarm_min,SM_Exgauster\[2:152],Уставка аварийная min ГВ 2т Эксгаустер №1,analog,1
1,1,У-171,2,bearing_vibration_horizontal_warning_max,warning_max,SM_Exgauster\[2:164],Уставка предупредительная max ГВ 2т Эксгаустер №1,analog,1
1,1,У-171,2,bearing_vibration_horizontal_warning_min,warning_min,SM_Exgauster\[2:176],Уставка предупредительная min ГВ 2т Эксгаустер №1,analog,1
1,1,У-171,2,bearing_vibration_vertical,vibration_vertical,SM_Exgauster\[2:4],Вертикал вибрация подшипника №2. Эксгаустер №1,analog,1
1,1,У-171,2,bearing_vibration_vertical_alarm_max,alarm_max,SM_Exgauster\[2:141],Уставка аварийная max ВВ 2т Эксгаустер №1,analog,1
1,1,У-171,2,bearing_vibration_vertical_alarm_min,alarm_min,SM_Exgauster\[2:153],Уставка аварийная min ВВ 2т Эксгаустер №1,analog,1
1,1,У-171,2,bearing_vibration_vertical_warning_max,warning_max,SM_Exgauster\[2:165],Уставка предупредительная max ВВ 2т Эксгаустер №1,analog,1
1,1,У-171,2,bearing_vibration_vertical_warning_min,warning_min,SM_Exgauster\[2:177],Уставка предупредительная min ВВ 2т Эксгаустер №1,analog,1
1,1,У-171,3,bearing_temperature,temperature,SM_Exgauster\[2:29],Температура нагрева подшипника №3 (редуктор эксгаустера). Эксгаустер №1,analog,1
1,1,У-171,3,bearing_temperature_alarm_max,alarm_max,SM_Exgauster\[2:67],Уставка аварийная max ТП т3 Эксгаустер №1,analog,1
1,1,У-171,3,bearing_temperature_alarm_min,alarm_min,SM_Exgauster\[2:76],Уставка аварийная min ТП т3 Эксгаустер №1,analog,1
1,1,У-171,3,bearing_temperature_warning_max,warning_max,SM_Exgauster\[2:85],Уставка предупредительная max ТП т3 Эксгаустер №1,analog,1
1,1,У-171,3,bearing_temperature_warning_min,warning_min,SM_Exgauster\[2:94],Уставка предупредительная min ТП т3 Эксгаустер №1,analog,1
1,1,У-171,4,bearing_temperature,temperature,SM_Exgauster\[2:30],Температура нагрева подшипника №4 (редуктор эксгаустера №1),analog,1
1,1,У-171,4,bearing_temperature_alarm_max,alarm_max,SM_Exgauster\[2:68],Уставка аварийная max ТП т4 Эксгаустер №1,analog,1
1,1,У-171,4,bearing_temperature_alarm_min,alarm_min,SM_Exgauster\[2:77],Уставка аварийная min ТП т4 Эксгаустер №1,analog,1
1,1,У-171,4,bearing_temperature_warning_max,warning_max,SM_Exgauster\[2:86],Уставка предупредительная max ТП т4 Эксгаустер №1,analog,1
1,1,У-171,4,bearing_temperature_warning_min,warning_min,SM_Exgauster\[2:95],Уставка предупредительная min ТП т4 Эксгаустер №1,analog,1
1,1,У-171,5,bearing_temperature,temperature,SM_Exgauster\[2:31],Температура нагрева подшипника №5 (редуктор эксгаустера №1),analog,1
1,1,У-171,5,bearing_temperature_alarm_max,alarm_max,SM_Exgauster\[2:69],Уставка аварийная max ТП т5 Эксгаустер №1,analog,1
1,1,У-171,5,bearing_temperature_alarm_min,alarm_min,SM_Exgauster\[2:78],Уставка аварийная min ТП т5 Эксгаустер №1,analog,1
1,1,У-171,5,bearing_temperature_warning_max,warning_max,SM_Exgauster\[2:87],Уставка предупредительная max ТП т5 Эксгаустер №1,analog,1
1,1,У-171,5,bearing_temperature_warning_min,warning_min,SM_Exgauster\[2:96],Уставка предупредительная min ТП т5 Эксгаустер №1,analog,1
1,1,У-171,6,bearing_temperature,temperature,SM_Exgauster\[2:32],Температура нагрева подшипника №6 (редуктор эксгаустера №1),analog,1
1,1,У-171,6,bearing_temperature_alarm_max,alarm_max,SM_Exgauster\[2:70],Уставка аварийная max ТП т6 Эксгаустер №1,analog,1
1,1,У-171,6,bearing_temperature_alarm_min,alarm_min,SM_Exgauster\[2:79],Уставка аварийная min ТП т6 Эксгаустер №1,analog,1
1,1,У-171,6,bearing_temperature_warning_max,warning_max,SM_Exgauster\[2:88],Уставка предупредительная max ТП т6 Эксгаустер №1,analog,1
1,1,У-171,6,bearing_temperature_warning_min,warning_min,SM_Exgauster\[2:97],Уставка предупредительная min ТП т6 Эксгаустер №1,analog,1
1,1,У-171,7,bearing_temperature,temperature,SM_Exgauster\[2:33],Температура нагрева подшипника №7 (ротор эксгаустера №1),analog,1
1,1,У-171,7,bearing_temperature_alarm_max,alarm_max,SM_Exgauster\[2:71],Уставка аварийная max ТП т7 Эксгаустер №1,analog,1
1,1,У-171,7,bearing_temperature_alarm_min,alarm_min,SM_Exgauster\[2:80],Уставка аварийная min ТП т7 Эксгаустер №1,analog,1
1,1,У-171,7,bearing_temperature_warning_max,warning_max,SM_Exgauster\[2:89],Уставка предупредительная max ТП т7 Эксгаустер №1,analog,1
1,1,У-171,7,bearing_temperature_warning_min,warning_min,SM_Exgauster\[2:98],Уставка предупредительная min ТП т7 Эксгаустер №1,analog,1
1,1,У-171,7,bearing_vibration_axial,vibration_axial,SM_Exgauster\[2:8],Осевая вибрация подшипника №7. Эксгаустер №1,analog,1
1,1,У-171,7,bearing_vibration_axial_alarm_max,alarm_max,SM_Exgauster\[2:145],Уставка аварийная max ОВ 7т Эксгаустер №1,analog,1
1,1,У-171,7,bearing_vibration_axial_alarm_min,alarm_min,SM_Exgauster\[2:157],Уставка аварийная min ОВ 7т Эксгаустер №1,analog,1
1,1,У-171,7,bearing_vibration_axial_warning_max,warning_max,SM_Exgauster\[2:169],Уставка предупредительная max ОВ 7т Эксгаустер №1,analog,1
1,1,У-171,7,bearing_vibration_axial_warning_min,warning_min,SM_Exgauster\[2:181],Уставка предупредительная min ОВ 7т Эксгаустер №1,analog,1
1,1,У-171,7,bearing_vibration_horizontal,vibration_horizontal,SM_Exgauster\[2:6],Горизонтал вибрация подшипника №7. Эксгаустер №1,analog,1
1,1,У-171,7,bearing_vibration_horizontal_alarm_max,alarm_max,SM_Exgauster\[2:143],Уставка аварийная max ГВ 7т Эксгаустер №1,analog,1
1,1,У-171,7,bearing_vibration_horizontal_alarm_min,alarm_min,SM_Exgauster\[2:155],Уставка аварийная min ГВ 7т Эксгаустер №1,analog,1
1,1,У-171,7,bearing_vibration_horizontal_warning_max,warning_max,SM_Exgauster\[2:167],Уставка предупредительная max ГВ 7т Эксгаустер №1,analog,1
1,1,У-171,7,bearing_vibration_horizontal_warning_min,warning_min,SM_Exgauster\[2:179],Уставка предупредительная min ГВ 7т Эксгаустер №1,analog,1
1,1,У-171,7,bearing_vibration_vertical,vibration_vertical,SM_Exgauster\[2:7],Вертикал вибрация подшипника №7. Эксгаустер №1,analog,1
1,1,У-171,7,bearing_vibration_vertical_alarm_max,alarm_max,SM_Exgauster\[2:144],Уставка аварийная max ВВ 7т Эксгаустер №1,analog,1
1,1,У-171,7,bearing_vibration_vertical_alarm_min,alarm_min,SM_Exgauster\[2:156],Уставка аварийная min ВВ 7т Эксгаустер №1,analog,1
1,1,У-171,7,bearing_vibration_vertical_warning_max,warning_max,SM_Exgauster\[2:168],Уставка предупредительная max ВВ 7т Эксгаустер №1,analog,1
1,1,У-171,7,bearing_vibration_vertical_warning_min,warning_min,SM_Exgauster\[2:180],Уставка предупредительная min ВВ 7т Эксгаустер №1,analog,1
1,1,У-171,8,bearing_temperature,temperature,SM_Exgauster\[2:34],Температура нагрева подшипника №8 (ротор эксгаустера №1),analog,1
1,1,У-171,8,bearing_temperature_alarm_max,alarm_max,SM_Exgauster\[2:72],Уставка аварийная max ТП т8 Эксгаустер №1,analog,1
1,1,У-171,8,bearing_temperature_alarm_min,alarm_min,SM_Exgauster\[2:81],Уставка аварийная min ТП т8 Эксгаустер №1,analog,1
1,1,У-171,8,bearing_temperature_warning_max,warning_max,SM_Exgauster\[2:90],Уставка предупредительная max ТП т8 Эксгаустер №1,analog,1
1,1,У-171,8,bearing_temperature_warning_min,warning_min,SM_Exgauster\[2:99],Уставка предупредительная min ТП т8 Эксгаустер №1,analog,1
1,1,У-171,8,bearing_vibration_axial,vibration_axial,SM_Exgauster\[2:11],Осевая вибрация подшипника №8. Эксгаустер №1,analog,1
1,1,У-171,8,bearing_vibration_axial_alarm_max,alarm_max,SM_Exgauster\[2:148],Уставка аварийная max ОВ 8т Эксгаустер №1,analog,1
1,1,У-171,8,bearing_vibration_axial_alarm_min,alarm_min,SM_Exgauster\[2:160],Уставка аварийная min ОВ 8т Эксгаустер №1,analog,1
1,1,У-171,8,bearing_vibration_axial_warning_max,warning_max,SM_Exgauster\[2:172],Уставка предупредительная max ОВ 8т Эксгаустер №1,analog,1
1,1,У-171,8,bearing_vibration_axial_warning_min,warning_min,SM_Exgauster\[2:184],Уставка предупредительная min ОВ 8т Эксгаустер №1,analog,1
1,1,У-171,8,bearing_vibration_horizontal,vibration_horizontal,SM_Exgauster\[2:9],Горизонтал вибрация подшипника №8. Эксгаустер №1,analog,1
1,1,У-171,8,bearing_vibration_horizontal_alarm_max,alarm_max,SM_Exgauster\[2:146],Уставка аварийная max ГВ 8т Эксгаустер №1,analog,1
1,1,У-171,8,bearing_vibration_horizontal_alarm_min,alarm_min,SM_Exgauster\[2:158],Уставка аварийная min ГВ 8т Эксгаустер №1,analog,1
1,1,У-171,8,bearing_vibration_horizontal_warning_max,warning_max,SM_Exgauster\[2:170],Уставка предупредительная max ГВ 8т Эксгаустер №1,analog,1
1,1,У-171,8,bearing_vibration_horizontal_warning_min,warning_min,SM_Exgauster\[2:182],Уставка предупредительная min ГВ 8т Эксгаустер №1,analog,1
1,1,У-171,8,bearing_vibration_vertical,vibration_vertical,SM_Exgauster\[2:10],Вертикал вибрация подшипника №8. Эксгаустер №1,analog,1
1,1,У-171,8,bearing_vibration_vertical_alarm_max,alarm_max,SM_Exgauster\[2:147],Уставка аварийная max ВВ 8т Эксгаустер №1,analog,1
1,1,У-171,8,bearing_vibration_vertical_alarm_min,alarm_min,SM_Exgauster\[2:159],Уставка аварийная min ВВ 8т Эксгаустер №1,analog,1
1,1,У-171,8,bearing_vibration_vertical_warning_max,warning_max,SM_Exgauster\[2:171],Уставка предупредительная max ВВ 8т Эксгаустер №1,analog,1
1,1,У-171,8,bearing_vibration_vertical_warning_min,warning_min,SM_Exgauster\[2:183],Уставка предупредительная min ВВ 8т Эксгаустер №1,analog,1
1,1,У-171,9,bearing_temperature,temperature,SM_Exgauster\[2:35],Температура нагрева подшипника №9 (ротор эксгаустера №1),analog,1
1,1,У-171,9,bearing_temperature_alarm_max,alarm_max,SM_Exgauster\[2:73],Уставка аварийная max ТП т9 Эксгаустер №1,analog,1
1,1,У-171,9,bearing_temperature_alarm_min,alarm_min,SM_Exgauster\[2:82],Уставка аварийная min ТП т9 Эксгаустер №1,analog,1
1,1,У-171,9,bearing_temperature_warning_max,warning_max,SM_Exgauster\[2:91],Уставка предупредительная max ТП т9 Эксгаустер №1,analog,1
1,1,У-171,9,bearing_temperature_warning_min,warning_min,SM_Exgauster\[2:100],Уставка предупредительная min ТП т9 Эксгаустер №1,analog,1
1,1,У-171,,cooler_oil,temperature_after,SM_Exgauster\[2:42],Температура масла после охладителя. Эксгаустер №1,analog,1
1,1,У-171,,cooler_oil,temperature_before,SM_Exgauster\[2:41],Температура масла до охладителя. Эксгаустер №1,analog,1
1,1,У-171,,cooler_water,temperature_after,SM_Exgauster\[2:37],Температура воды на выходе охладителя. Эксгаустер №1,analog,1
1,1,У-171,,cooler_water,temperature_before,SM_Exgauster\[2:36],Температура воды до охладителя. Эксгаустер №1,analog,1
1,1,У-171,,gas,temperature_before,SM_Exgauster\[2:24],Температура перед эксгаустером №1,analog,1
1,1,У-171,,gas,underpressure_before,SM_Exgauster\[2:61],Разрежение перед эксгаустером №1,analog,1
1,1,У-171,,valve_pos,gas_valve_closed,SM_Exgauster\[4.1],ЗАКРЫТО задвижка газ эксгаустер №1,digital,1
1,1,У-171,,valve_pos,gas_valve_open,SM_Exgauster\[4.2],ОТКРЫТО задвижка газ эксгаустер №1,digital,1
1,1,У-171,,valve_pos,gas_valve_position,SM_Exgauster\[4:6],Положение задвижки газ эксгаустера №1,analog,0
1,1,У-171,,main_drive,rotor_current,SM_Exgauster\[4:2],Ток ротора эксгаустера №1,analog,0
1,1,У-171,,main_drive,rotor_voltage,SM_Exgauster\[4:4],Напряжение ротора эксгаустера №1,analog,0
1,1,У-171,,main_drive,stator_current,SM_Exgauster\[4:3],Ток статора эксгаустера №1,analog,1
1,1,У-171,,main_drive,stator_voltage,SM_Exgauster\[4:5],Напряжение статора эксгаустера №1,analog,0
1,1,У-171,,oil,oil_level,SM_Exgauster\[4:0],Уровень масла в маслосистеме эксгаустера №1,analog,1
1,1,У-171,,oil,oil_pressure,SM_Exgauster\[4:1],Давление масла в маслосистеме эксгаустера №1,analog,1
1,1,У-171,,work,work,SM_Exgauster\[2.0],46 Работа эксгаустера №1,digital,1
1,2,У-172,1,bearing_temperature,temperature,SM_Exgauster\[2:43],Температура нагрева подшипника №1 (ротора привода эксгаустера №2),analog,1
1,2,У-172,1,bearing_temperature_alarm_max,alarm_max,SM_Exgauster\[2:101],Уставка аварийная max ТП т1 Эксгаустер №2,analog,1
1,2,У-172,1,bearing_temperature_alarm_min,alarm_min,SM_Exgauster\[2:110],Уставка аварийная min ТП т1 Эксгаустер №2,analog,1
1,2,У-172,1,bearing_temperature_warning_max,warning_max,SM_Exgauster\[2:119],Уставка предупредительная max ТП т1 Эксгаустер №2,analog,1
1,2,У-172,1,bearing_temperature_warning_min,warning_min,SM_Exgauster\[2:128],Уставка предупредительная min ТП т1 Эксгаустер №2,analog,1
1,2,У-172,1,bearing_vibration_axial,vibration_axial,SM_Exgauster\[2:14],Осевая вибрация подшипника №1. Эксгаустер №2,analog,1
1,2,У-172,1,bearing_vibration_axial_alarm_max,alarm_max,SM_Exgauster\[2:187],Уставка аварийная max ОВ 1т Эксгаустер №2,analog,1
1,2,У-172,1,bearing_vibration_axial_alarm_min,alarm_min,SM_Exgauster\[2:199],Уставка аварийная min ОВ 1т Эксгаустер №2,analog,1
1,2,У-172,1,bearing_vibration_axial_warning_max,warning_max,SM_Exgauster\[2:211],Уставка предупредительная max ОВ 1т Эксгаустер №2,analog,1
1,2,У-172,1,bearing_vibration_axial_warning_min,warning_min,SM_Exgauster\[2:223],Уставка предупредительная min ОВ 1т Эксгаустер №2,analog,1
1,2,У-172,1,bearing_vibration_horizontal,vibration_horizontal,SM_Exgauster\[2:12],Горизонтал вибрация подшипника №1. Эксгаустер №2,analog,1
1,2,У-172,1,bearing_vibration_horizontal_alarm_max,alarm_max,SM_Exgauster\[2:185],Уставка аварийная max ГВ 1т Эксгаустер №2,analog,1
1,2,У-172,1,bearing_vibration_horizontal_alarm_min,alarm_min,SM_Exgauster\[2:197],Уставка аварийная min ГВ 1т Эксгаустер №2,analog,1
1,2,У-172,1,bearing_vibration_horizontal_warning_max,warning_max,SM_Exgauster\[2:209],Уставка предупредительная max ГВ 1т Эксгаустер №2,analog,1
1,2,У-172,1,bearing_vibration_horizontal_warning_min,warning_min,SM_Exgauster\[2:221],Уставка предупредительная min ГВ 1т Эксгаустер №2,analog,1
1,2,У-172,1,bearing_vibration_vertical,vibration_vertical,SM_Exgauster\[2:13],Вертикал вибрация подшипника №1. Эксгаустер №2,analog,1
1,2,У-172,1,bearing_vibration_vertical_alarm_max,alarm_max,SM_Exgauster\[2:186],Уставка аварийная max ВВ 1т Эксгаустер №2,analog,1
1,2,У-172,1,bearing_vibration_vertical_alarm_min,alarm_min,SM_Exgauster\[2:198],Уставка аварийная min ВВ 1т Эксгаустер №2,analog,1
1,2,У-172,1,bearing_vibration_vertical_warning_max,warning_max,SM_Exgauster\[2:210],Уставка предупредительная max ВВ 1т Эксгаустер №2,analog,1
1,2,У-172,1,bearing_vibration_vertical_warning_min,warning_min,SM_Exgauster\[2:222],Уставка предупредительная min ВВ 1т Эксгаустер №2,analog,1
1,2,У-172,2,bearing_temperature,temperature,SM_Exgauster\[2:44],Температура нагрева подшипника №2 (ротора привода эксгаустера №2),analog,1
1,2,У-172,2,bearing_temperature_alarm_max,alarm_max,SM_Exgauster\[2:102],Уставка аварийная max ТП т2 Эксгаустер №2,analog,1
1,2,У-172,2,bearing_temperature_alarm_min,alarm_min,SM_Exgauster\[2:111],Уставка аварийная min ТП т2 Эксгаустер №2,analog,1
1,2,У-172,2,bearing_temperature_warning_max,warning_max,SM_Exgauster\[2:120],Уставка предупредительная max ТП т2 Эксгаустер №2,analog,1
1,2,У-172,2,bearing_temperature_warning_min,warning_min,SM_Exgauster\[2:129],Уставка предупредительная min ТП т2 Эксгаустер №2,analog,1
1,2,У-172,2,bearing_vibration_axial,vibration_axial,SM_Exgauster\[2:17],Осевая вибрация подшипника №2. Эксгаустер №2,analog,1
1,2,У-172,2,bearing_vibration_axial_alarm_max,alarm_max,SM_Exgauster\[2:190],Уставка аварийная max ОВ 2т Эксгаустер №2,analog,1
1,2,У-172,2,bearing_vibration_axial_alarm_min,alarm_min,SM_Exgauster\[2:202],Уставка аварийная min ОВ 2т Эксгаустер №2,analog,1
1,2,У-172,2,bearing_vibration_axial_warning_max,warning_max,SM_Exgauster\[2:214],Уставка предупредительная max ОВ 2т Эксгаустер №2,analog,1
1,2,У-172,2,bearing_vibration_axial_warning_min,warning_min,SM_Exgauster\[2:226],Уставка предупредительная min ОВ 2т Эксгаустер №2,analog,1
1,2,У-172,2,bearing_vibration_horizontal,vibration_horizontal,SM_Exgauster\[2:15],Горизонтал вибрация подшипника №2. Эксгаустер №2,analog,1
1,2,У-172,2,bearing_vibration_horizontal_alarm_max,alarm_max,SM_Exgauster\[2:188],Уставка аварийная max ГВ 2т Эксгаустер №2,analog,1
1,2,У-172,2,bearing_vibration_horizontal_alarm_min,alarm_min,SM_Exgauster\[2:200],Уставка аварийная min ГВ 2т Эксгаустер №2,analog,1
1,2,У-172,2,bearing_vibration_horizontal_warning_max,warning_max,SM_Exgauster\[2:212],Уставка предупредительная max ГВ 2т Эксгаустер №2,analog,1
1,2,У-172,2,bearing_vibration_horizontal_warning_min,warning_min,SM_Exgauster\[2:224],Уставка предупредительная min ГВ 2т Эксгаустер №2,analog,1
1,2,У-172,2,bearing_vibration_vertical,vibration_vertical,SM_Exgauster\[2:16],Вертикал вибрация подшипника №2. Эксгаустер №2,analog,1
1,2,У-172,2,bearing_vibration_vertical_alarm_max,alarm_max,SM_Exgauster\[2:189],Уставка аварийная max ВВ 2т Эксгаустер №2,analog,1
1,2,У-172,2,bearing_vibration_vertical_alarm_min,alarm_min,SM_Exgauster\[2:201],Уставка аварийная min ВВ 2т Эксгаустер №2,analog,1
1,2,У-172,2,bearing_vibration_vertical_warning_max,warning_max,SM_Exgauster\[2:213],Уставка предупредительная max ВВ 2т Эксгаустер №2,analog,1
1,2,У-172,2,bearing_vibration_vertical_warning_min,warning_min,SM_Exgauster\[2:225],Уставка предупредительная min ВВ 2т Эксгаустер №2,analog,1
1,2,У-172,3,bearing_temperature,temperature,SM_Exgauster\[2:45],Температура нагрева подшипника №3 (редуктор эксгаустера №2),analog,1
1,2,У-172,3,bearing_temperature_alarm_max,alarm_max,SM_Exgauster\[2:103],Уставка аварийная max ТП т3 Эксгаустер №2,analog,1
1,2,У-172,3,bearing_temperature_alarm_min,alarm_min,SM_Exgauster\[2:112],Уставка аварийная min ТП т3 Эксгаустер №2,analog,1
1,2,У-172,3,bearing_temperature_warning_max,warning_max,SM_Exgauster\[2:121],Уставка предупредительная max ТП т3 Эксгаустер №2,analog,1
1,2,У-172,3,bearing_temperature_warning_min,warning_min,SM_Exgauster\[2:130],Уставка предупредительная min ТП т3 Эксгаустер №2,analog,1
1,2,У-172,4,bearing_temperature,temperature,SM_Exgauster\[2:47],Температура нагрева подшипника №4 (редуктор эксгаустера №2),analog,1
1,2,У-172,4,bearing_temperature_alarm_max,alarm_max,SM_Exgauster\[2:104],Уставка аварийная max ТП т4 Эксгаустер №2,analog,1
1,2,У-172,4,bearing_temperature_alarm_min,alarm_min,SM_Exgauster\[2:113],Уставка аварийная min ТП т4 Эксгаустер №2,analog,1
1,2,У-172,4,bearing_temperature_warning_max,warning_max,SM_Exgauster\[2:122],Уставка предупредительная max ТП т4 Эксгаустер №2,analog,1
1,2,У-172,4,bearing_temperature_warning_min,warning_min,SM_Exgauster\[2:131],Уставка предупредительная min ТП т4 Эксгаустер №2,analog,1
1,2,У-172,5,bearing_temperature,temperature,SM_Exgauster\[2:48],Температура нагрева подшипника №5 (редуктор эксгаустера №2),analog,1
1,2,У-172,5,bearing_temperature_alarm_max,alarm_max,SM_Exgauster\[2:105],Уставка аварийная max ТП т5 Эксгаустер №2,analog,1
1,2,У-172,5,bearing_temperature_alarm_min,alarm_min,SM_Exgauster\[2:114],Уставка аварийная min ТП т5 Эксгаустер №2,analog,1
1,2,У-172,5,bearing_temperature_warning_max,warning_max,SM_Exgauster\[2:123],Уставка предупредительная max ТП т5 Эксгаустер №2,analog,1
1,2,У-172,5,bearing_temperature_warning_min,warning_min,SM_Exgauster\[2:132],Уставка предупредительная min ТП т5 Эксгаустер №2,analog,1
1,2,У-172,6,bearing_temperature,temperature,SM_Exgauster\[2:49],Температура нагрева подшипника №6 (редуктор эксгаустера №2),analog,1
1,2,У-172,6,bearing_temperature_alarm_max,alarm_max,SM_Exgauster\[2:106],Уставка аварийная max ТП т6 Эксгаустер №2,analog,1
1,2,У-172,6,bearing_temperature_alarm_min,alarm_min,SM_Exgauster\[2:115],Уставка аварийная min ТП т6 Эксгаустер №2,analog,1
1,2,У-172,6,bearing_temperature_warning_max,warning_max,SM_Exgauster\[2:124],Уставка предупредительная max ТП т6 Эксгаустер №2,analog,1
1,2,У-172,6,bearing_temperature_warning_min,warning_min,SM_Exgauster\[2:133],Уставка предупредительная min ТП т6 Эксгаустер №2,analog,1
1,2,У-172,7,bearing_temperature,temperature,SM_Exgauster\[2:50],Температура нагрева подшипника №7 (ротор эксгаустера №2),analog,1
1,2,У-172,7,bearing_temperature_alarm_max,alarm_max,SM_Exgauster\[2:107],Уставка аварийная max ТП т7 Эксгаустер №2,analog,1
1,2,У-172,7,bearing_temperature_alarm_min,alarm_min,SM_Exgauster\[2:116],Уставка аварийная min ТП т7 Эксгаустер №2,analog,1
1,2,У-172,7,bearing_temperature_warning_max,warning_max,SM_Exgauster\[2:125],Уставка предупредительная max ТП т7 Эксгаустер №2,analog,1
1,2,У-172,7,bearing_temperature_warning_min,warning_min,SM_Exgauster\[2:134],Уставка предупредительная min ТП т7 Эксгаустер №2,analog,1
1,2,У-172,7,bearing_vibration_axial,vibration_axial,SM_Exgauster\[2:20],Осевая вибрация подшипника №7. Эксгаустер №2,analog,1
1,2,У-172,7,bearing_vibration_axial_alarm_max,alarm_max,SM_Exgauster\[2:193],Уставка аварийная max ОВ 7т Эксгаустер №2,analog,1
1,2,У-172,7,bearing_vibration_axial_alarm_min,alarm_min,SM_Exgauster\[2:205],Уставка аварийная min ОВ 7т Эксгаустер №2,analog,1
1,2,У-172,7,bearing_vibration_axial_warning_max,warning_max,SM_Exgauster\[2:217],Уставка предупредительная max ОВ 7т Эксгаустер №2,analog,1
1,2,У-172,7,bearing_vibration_axial_warning_min,warning_min,SM_Exgauster\[2:229],Уставка предупредительная min ОВ 7т Эксгаустер №2,analog,1
1,2,У-172,7,bearing_vibration_horizontal,vibration_horizontal,SM_Exgauster\[2:18],Горизонтал вибрация подшипника №7. Эксгаустер №2,analog,1
1,2,У-172,7,bearing_vibration_horizontal_alarm_max,alarm_max,SM_Exgauster\[2:191],Уставка аварийная max ГВ 7т Эксгаустер №2,analog,1
1,2,У-172,7,bearing_vibration_horizontal_alarm_min,alarm_min,SM_Exgauster\[2:203],Уставка аварийная min ГВ 7т Эксгаустер №2,analog,1
1,2,У-172,7,bearing_vibration_horizontal_warning_max,warning_max,SM_Exgauster\[2:215],Уставка предупредительная max ГВ 7т Эксгаустер №2,analog,1
1,2,У-172,7,bearing_vibration_horizontal_warning_min,warning_min,SM_Exgauster\[2:227],Уставка предупредительная min ГВ 7т Эксгаустер №2,analog,1
1,2,У-172,7,bearing_vibration_vertical,vibration_vertical,SM_Exgauster\[2:19],Вертикал вибрация подшипника №7. Эксгаустер №2,analog,1
1,2,У-172,7,bearing_vibration_vertical_alarm_max,alarm_max,SM_Exgauster\[2:192],Уставка аварийная max ВВ 7т Эксгаустер №2,analog,1
1,2,У-172,7,bearing_vibration_vertical_alarm_min,alarm_min,SM_Exgauster\[2:204],Уставка аварийная min ВВ 7т Эксгаустер №2,analog,1
1,2,У-172,7,bearing_vibration_vertical_warning_max,warning_max,SM_Exgauster\[2:216],Уставка предупредительная max ВВ 7т Эксгаустер №2,analog,1
1,2,У-172,7,bearing_vibration_vertical_warning_min,warning_min,SM_Exgauster\[2:228],Уставка предупредительная min ВВ 7т Эксгаустер №2,analog,1
1,2,У-172,8,bearing_temperature,temperature,SM_Exgauster\[2:51],Температура нагрева подшипника №8 (ротор эксгаустера №2),analog,1
1,2,У-172,8,bearing_temperature_alarm_max,alarm_max,SM_Exgauster\[2:108],Уставка аварийная max ТП т8 Эксгаустер №2,analog,1
1,2,У-172,8,bearing_temperature_alarm_min,alarm_min,SM_Exgauster\[2:117],Уставка аварийная min ТП т8 Эксгаустер №2,analog,1
1,2,У-172,8,bearing_temperature_warning_max,warning_max,SM_Exgauster\[2:126],Уставка предупредительная max ТП т8 Эксгаустер №2,analog,1
1,2,У-172,8,bearing_temperature_warning_min,warning_min,SM_Exgauster\[2:135],Уставка предупредительная min ТП т8 Эксгаустер №2,analog,1
1,2,У-172,8,bearing_vibration_axial,vibration_axial,SM_Exgauster\[2:23],Осевая вибрация подшипника №8. Эксгаустер №2,analog,1
1,2,У-172,8,bearing_vibration_axial_alarm_max,alarm_max,SM_Exgauster\[2:196],Уставка аварийная max ОВ 8т Эксгаустер №2,analog,1
1,2,У-172,8,bearing_vibration_axial_alarm_min,alarm_min,SM_Exgauster\[2:208],Уставка аварийная min ОВ 8т Эксгаустер №2,analog,1
1,2,У-172,8,bearing_vibration_axial_warning_max,warning_max,SM_Exgauster\[2:220],Уставка предупредительная max ОВ 8т Эксгаустер №2,analog,1
1,2,У-172,8,bearing_vibration_axial_warning_min,warning_min,SM_Exgauster\[2:232],Уставка предупредительная min ОВ 8т Эксгаустер №2,analog,1
1,2,У-172,8,bearing_vibration_horizontal,vibration_horizontal,SM_Exgauster\[2:21],Горизонтал вибрация подшипника №8. Эксгаустер №2,analog,1
1,2,У-172,8,bearing_vibration_horizontal_alarm_max,alarm_max,SM_Exgauster\[2:194],Уставка аварийная max ГВ 8т Эксгаустер №2,analog,1
1,2,У-172,8,bearing_vibration_horizontal_alarm_min,alarm_min,SM_Exgauster\[2:206],Уставка аварийная min ГВ 8т Эксгаустер №2,analog,1
1,2,У-172,8,bearing_vibration_horizontal_warning_max,warning_max,SM_Exgauster\[2:218],Уставка предупредительная max ГВ 8т Эксгаустер №2,analog,1
1,2,У-172,8,bearing_vibration_horizontal_warning_min,warning_min,SM_Exgauster\[2:230],Уставка предупредительная min ГВ 8т Эксгаустер №2,analog,1
1,2,У-172,8,bearing_vibration_vertical,vibration_vertical,SM_Exgauster\[2:22],Вертикал вибрация подшипника №8. Эксгаустер №2,analog,1
1,2,У-172,8,bearing_vibration_vertical_alarm_max,alarm_max,SM_Exgauster\[2:195],Уставка аварийная max ВВ 8т Эксгаустер №2,analog,1
1,2,У-172,8,bearing_vibration_vertical_alarm_min,alarm_min,SM_Exgauster\[2:207],Уставка аварийная min ВВ 8т Эксгаустер №2,analog,1
1,2,У-172,8,bearing_vibration_vertical_warning_max,warning_max,SM_Exgauster\[2:219],Уставка предупредительная max ВВ 8т Эксгаустер №2,analog,1
1,2,У-172,8,bearing_vibration_vertical_warning_min,warning_min,SM_Exgauster\[2:231],Уставка предупредительная min ВВ 8т Эксгаустер №2,analog,1
1,2,У-172,9,bearing_temperature,temperature,SM_Exgauster\[2:52],Температура нагрева подшипника №9 (ротор эксгаустера №2),analog,1
1,2,У-172,9,bearing_temperature_alarm_max,alarm_max,SM_Exgauster\[2:109],Уставка аварийная max ТП т9 Эксгаустер №2,analog,1
1,2,У-172,9,bearing_temperature_alarm_min,alarm_min,SM_Exgauster\[2:118],Уставка аварийная min ТП т9 Эксгаустер №2,analog,1
1,2,У-172,9,bearing_temperature_warning_max,warning_max,SM_Exgauster\[2:127],Уставка предупредительная max ТП т9 Эксгаустер №2,analog,1
1,2,У-172,9,bearing_temperature_warning_min,warning_min,SM_Exgauster\[2:136],Уставка предупредительная min ТП т9 Эксгаустер №2,analog,1
1,2,У-172,,cooler_oil,temperature_after,SM_Exgauster\[2:60],Температура масла после охладителя. Эксгаустер №2,analog,1
1,2,У-172,,cooler_oil,temperature_before,SM_Exgauster\[2:59],Температура масла до охладителя. Эксгаустер №2,analog,1
1,2,У-172,,cooler_water,temperature_after,SM_Exgauster\[2:54],Температура воды на выходе охладителя. Эксгаустер №2,analog,1
1,2,У-172,,cooler_water,temperature_before,SM_Exgauster\[2:53],Температура воды до охладителя. Эксгаустер №2,analog,1
1,2,У-172,,gas,temperature_before,SM_Exgauster\[2:25],Температура перед эксгаустером №2,analog,1
1,2,У-172,,gas,underpressure_before,SM_Exgauster\[2:62],Разрежение перед эксгаустером №2,analog,1
1,2,У-172,,valve_pos,gas_valve_closed,SM_Exgauster\[4.6],ЗАКРЫТО задвижка газ эксгаустер №2,digital,1
1,2,У-172,,valve_pos,gas_valve_open,SM_Exgauster\[4.7],ОТКРЫТО задвижка газ эксгаустер №2,digital,1
1,2,У-172,,valve_pos,gas_valve_position,SM_Exgauster\[4:13],Положение задвижки газ эксгаустера №2,analog,0
1,2,У-172,,main_drive,rotor_current,SM_Exgauster\[4:9],Ток ротора эксгаустера №2,analog,0
1,2,У-172,,main_drive,rotor_voltage,SM_Exgauster\[4:11],Напряжение ротора эксгаустера №2,analog,0
1,2,У-172,,main_drive,stator_current,SM_Exgauster\[4:10],Ток статора эксгаустера №2,analog,1
1,2,У-172,,main_drive,stator_voltage,SM_Exgauster\[4:12],Напряжение статора эксгаустера №2,analog,0
1,2,У-172,,oil,oil_level,SM_Exgauster\[4:7],Уровень масла в маслосистеме эксгаустера №2,analog,1
1,2,У-172,,oil,oil_pressure,SM_Exgauster\[4:8],Давление масла в маслосистеме эксгаустера №2,analog,1
1,2,У-172,,work,work,SM_Exgauster\[2.1],62 Работа эксгаустера №2,digital,1
2,3,Ф-171,1,bearing_temperature,temperature,SM_Exgauster\[0:27],Температура нагрева подшипника №1 (ротора привода эксгаустера №3),analog,1
2,3,Ф-171,1,bearing_temperature_alarm_max,alarm_max,SM_Exgauster\[0:63],Уставка аварийная max ТП т1 Эксгаустер №3,analog,1
2,3,Ф-171,1,bearing_temperature_alarm_min,alarm_min,SM_Exgauster\[0:72],Уставка аварийная min ТП т1 Эксгаустер №3,analog,1
2,3,Ф-171,1,bearing_temperature_warning_max,warning_max,SM_Exgauster\[0:81],Уставка предупредительная max ТП т1 Эксгаустер №3,analog,1
2,3,Ф-171,1,bearing_temperature_warning_min,warning_min,SM_Exgauster\[0:90],Уставка предупредительная min ТП т1 Эксгаустер №3,analog,1
2,3,Ф-171,1,bearing_vibration_axial,vibration_axial,SM_Exgauster\[0:2],Осевая вибрация подшипника №1. Эксгаустер №3,analog,1
2,3,Ф-171,1,bearing_vibration_axial_alarm_max,alarm_max,SM_Exgauster\[0:137],Уставка аварийная max ОВ 1т Эксгаустер №3,analog,1
2,3,Ф-171,1,bearing_vibration_axial_alarm_min,alarm_min,SM_Exgauster\[0:149],Уставка аварийная min ОВ 1т Эксгаустер №3,analog,1
2,3,Ф-171,1,bearing_vibration_axial_warning_max,warning_max,SM_Exgauster\[0:161],Уставка предупредительная max ОВ 1т Эксгаустер №3,analog,1
2,3,Ф-171,1,bearing_vibration_axial_warning_min,warning_min,SM_Exgauster\[0:173],Уставка предупредительная min ОВ 1т Эксгаустер №3,analog,1
2,3,Ф-171,1,bearing_vibration_horizontal,vibration_horizontal,SM_Exgauster\[0:0],Горизонтал вибрация подшипника №1. Эксгаустер №3,analog,1
2,3,Ф-171,1,bearing_vibration_horizontal_alarm_max,alarm_max,SM_Exgauster\[0:135],Уставка аварийная max ГВ 1т Эксгаустер №3,analog,1
2,3,Ф-171,1,bearing_vibration_horizontal_alarm_min,alarm_min,SM_Exgauster\[0:147],Уставка аварийная min ГВ 1т Эксгаустер №3,analog,1
2,3,Ф-171,1,bearing_vibration_horizontal_warning_max,warning_max,SM_Exgauster\[0:159],Уставка предупредительная max ГВ 1т Эксгаустер №3,analog,1
2,3,Ф-171,1,bearing_vibration_horizontal_warning_min,warning_min,SM_Exgauster\[0:171],Уставка предупредительная min ГВ 1т Эксгаустер №3,analog,1
2,3,Ф-171,1,bearing_vibration_vertical,vibration_vertical,SM_Exgauster\[0:1],Вертикал вибрация подшипника №1. Эксгаустер №3,analog,1
2,3,Ф-171,1,bearing_vibration_vertical_alarm_max,alarm_max,SM_Exgauster\[0:136],Уставка аварийная max ВВ 1т Эксгаустер №3,analog,1
2,3,Ф-171,1,bearing_vibration_vertical_alarm_min,alarm_min,SM_Exgauster\[0:148],Уставка аварийная min ВВ 1т Эксгаустер №3,analog,1
2,3,Ф-171,1,bearing_vibration_vertical_warning_max,warning_max,SM_Exgauster\[0:160],Уставка предупредительная max ВВ 1т Эксгаустер №3,analog,1
2,3,Ф-171,1,bearing_vibration_vertical_warning_min,warning_min,SM_Exgauster\[0:172],Уставка предупредительная min ВВ 1т Эксгаустер №3,analog,1
2,3,Ф-171,2,bearing_temperature,temperature,SM_Exgauster\[0:28],Температура нагрева подшипника №2 (ротора привода эксгаустера №3),analog,1
2,3,Ф-171,2,bearing_temperature_alarm_max,alarm_max,SM_Exgauster\[0:64],Уставка аварийная max ТП т2 Эксгаустер №3,analog,1
2,3,Ф-171,2,bearing_temperature_alarm_min,alarm_min,SM_Exgauster\[0:73],Уставка аварийная min ТП т2 Эксгаустер №3,analog,1
2,3,Ф-171,2,bearing_temperature_warning_max,warning_max,SM_Exgauster\[0:82],Уставка предупредительная max ТП т2 Эксгаустер №3,analog,1
2,3,Ф-171,2,bearing_temperature_warning_min,warning_min,SM_Exgauster\[0:91],Уставка предупредительная min ТП т2 Эксгаустер №3,analog,1
2,3,Ф-171,2,bearing_vibration_axial,vibration_axial,SM_Exgauster\[0:5],Осевая вибрация подшипника №2. Эксгаустер №3,analog,1
2,3,Ф-171,2,bearing_vibration_axial_alarm_max,alarm_max,SM_Exgauster\[0:140],Уставка аварийная max ОВ 2т Эксгаустер №3,analog,1
2,3,Ф-171,2,bearing_vibration_axial_alarm_min,alarm_min,SM_Exgauster\[0:152],Уставка аварийная min ОВ 2т Эксгаустер №3,analog,1
2,3,Ф-171,2,bearing_vibration_axial_warning_max,warning_max,SM_Exgauster\[0:164],Уставка предупредительная max ОВ 2т Эксгаустер №3,analog,1
2,3,Ф-171,2,bearing_vibration_axial_warning_min,warning_min,SM_Exgauster\[0:176],Уставка предупредительная min ОВ 2т Эксгаустер №3,analog,1
2,3,Ф-171,2,bearing_vibration_horizontal,vibration_horizontal,SM_Exgauster\[0:3],Горизонтал вибрация подшипника №2. Эксгаустер №3,analog,1
2,3,Ф-171,2,bearing_vibration_horizontal_alarm_max,alarm_max,SM_Exgauster\[0:138],Уставка аварийная max ГВ 2т Эксгаустер №3,analog,1
2,3,Ф-171,2,bearing_vibration_horizontal_alarm_min,alarm_min,SM_Exgauster\[0:150],Уставка аварийная min ГВ 2т Эксгаустер №3,analog,1
2,3,Ф-171,2,bearing_vibration_horizontal_warning_max,warning_max,SM_Exgauster\[0:162],Уставка предупредительная max ГВ 2т Эксгаустер №3,analog,1
2,3,Ф-171,2,bearing_vibration_horizontal_warning_min,warning_min,SM_Exgauster\[0:174],Уставка предупредительная min ГВ 2т Эксгаустер №3,analog,1
2,3,Ф-171,2,bearing_vibration_vertical,vibration_vertical,SM_Exgauster\[0:4],Вертикал вибрация подшипника №2. Эксгаустер №3,analog,1
2,3,Ф-171,2,bearing_vibration_vertical_alarm_max,alarm_max,SM_Exgauster\[0:139],Уставка аварийная max ВВ 2т Эксгаустер №3,analog,1
2,3,Ф-171,2,bearing_vibration_vertical_alarm_min,alarm_min,SM_Exgauster\[0:151],Уставка аварийная min ВВ 2т Эксгаустер №3,analog,1
2,3,Ф-171,2,bearing_vibration_vertical_warning_max,warning_max,SM_Exgauster\[0:163],Уставка предупредительная max ВВ 2т Эксгаустер №3,analog,1
2,3,Ф-171,2,bearing_vibration_vertical_warning_min,warning_min,SM_Exgauster\[0:175],Уставка предупредительная min ВВ 2т Эксгаустер №3,analog,1
2,3,Ф-171,3,bearing_temperature,temperature,SM_Exgauster\[0:29],Температура нагрева подшипника №3 (редуктор эксгаустера). Эксгаустер №3,analog,1
2,3,Ф-171,3,bearing_temperature_alarm_max,alarm_max,SM_Exgauster\[0:65],Уставка аварийная max ТП т3 Эксгаустер №3,analog,1
2,3,Ф-171,3,bearing_temperature_alarm_min,alarm_min,SM_Exgauster\[0:74],Уставка аварийная min ТП т3 Эксгаустер №3,analog,1
2,3,Ф-171,3,bearing_temperature_warning_max,warning_max,SM_Exgauster\[0:83],Уставка предупредительная max ТП т3 Эксгаустер №3,analog,1
2,3,Ф-171,3,bearing_temperature_warning_min,warning_min,SM_Exgauster\[0:92],Уставка предупредительная min ТП т3 Эксгаустер №3,analog,1
2,3,Ф-171,4,bearing_temperature,temperature,SM_Exgauster\[0:30],Температура нагрева подшипника №4 (редуктор эксгаустера №3),analog,1
2,3,Ф-171,4,bearing_temperature_alarm_max,alarm_max,SM_Exgauster\[0:66],Уставка аварийная max ТП т4 Эксгаустер №3,analog,1
2,3,Ф-171,4,bearing_temperature_alarm_min,alarm_min,SM_Exgauster\[0:75],Уставка аварийная min ТП т4 Эксгаустер №3,analog,1
2,3,Ф-171,4,bearing_temperature_warning_max,warning_max,SM_Exgauster\[0:84],Уставка предупредительная max ТП т4 Эксгаустер №3,analog,1
2,3,Ф-171,4,bearing_temperature_warning_min,warning_min,SM_Exgauster\[0:93],Уставка предупредительная min ТП т4 Эксгаустер №3,analog,1
2,3,Ф-171,5,bearing_temperature,temperature,SM_Exgauster\[0:31],Температура нагрева подшипника №5 (редуктор эксгаустера №3),analog,1
2,3,Ф-171,5,bearing_temperature_alarm_max,alarm_max,SM_Exgauster\[0:67],Уставка аварийная max ТП т5 Эксгаустер №3,analog,1
2,3,Ф-171,5,bearing_temperature_alarm_min,alarm_min,SM_Exgauster\[0:76],Уставка аварийная min ТП т5 Эксгаустер №3,analog,1
2,3,Ф-171,5,bearing_temperature_warning_max,warning_max,SM_Exgauster\[0:85],Уставка предупредительная max ТП т5 Эксгаустер №3,analog,1
2,3,Ф-171,5,bearing_temperature_warning_min,warning_min,SM_Exgauster\[0:94],Уставка предупредительная min ТП т5 Эксгаустер №3,analog,1
2,3,Ф-171,6,bearing_temperature,temperature,SM_Exgauster\[0:32],Температура нагрева подшипника №6 (редуктор эксгаустера №3),analog,1
2,3,Ф-171,6,bearing_temperature_alarm_max,alarm_max,SM_Exgauster\[0:68],Уставка аварийная max ТП т6 Эксгаустер №3,analog,1
2,3,Ф-171,6,bearing_temperature_alarm_min,alarm_min,SM_Exgauster\[0:77],Уставка аварийная min ТП т6 Эксгаустер №3,analog,1
2,3,Ф-171,6,bearing_temperature_warning_max,warning_max,SM_Exgauster\[0:86],Уставка предупредительная max ТП т6 Эксгаустер №3,analog,1
2,3,Ф-171,6,bearing_temperature_warning_min,warning_min,SM_Exgauster\[0:95],Уставка предупредительная min ТП т6 Эксгаустер №3,analog,1
2,3,Ф-171,7,bearing_temperature,temperature,SM_Exgauster\[0:33],Температура нагрева подшипника №7 (ротор эксгаустера №3),analog,1
2,3,Ф-171,7,bearing_temperature_alarm_max,alarm_max,SM_Exgauster\[0:69],Уставка аварийная max ТП т7 Эксгаустер №3,analog,1
2,3,Ф-171,7,bearing_temperature_alarm_min,alarm_min,SM_Exgauster\[0:78],Уставка аварийная min ТП т7 Эксгаустер №3,analog,1
2,3,Ф-171,7,bearing_temperature_warning_max,warning_max,SM_Exgauster\[0:87],Уставка предупредительная max ТП т7 Эксгаустер №3,analog,1
2,3,Ф-171,7,bearing_temperature_warning_min,warning_min,SM_Exgauster\[0:96],Уставка предупредительная min ТП т7 Эксгаустер №3,analog,1
2,3,Ф-171,7,bearing_vibration_axial,vibration_axial,SM_Exgauster\[0:8],Осевая вибрация подшипника №7. Эксгаустер №3,analog,1
2,3,Ф-171,7,bearing_vibration_axial_alarm_max,alarm_max,SM_Exgauster\[0:143],Уставка аварийная max ОВ 7т Эксгаустер №3,analog,1
2,3,Ф-171,7,bearing_vibration_axial_alarm_min,alarm_min,SM_Exgauster\[0:155],Уставка аварийная min ОВ 7т Эксгаустер №3,analog,1
2,3,Ф-171,7,bearing_vibration_axial_warning_max,warning_max,SM_Exgauster\[0:167],Уставка предупредительная max ОВ 7т Эксгаустер №3,analog,1
2,3,Ф-171,7,bearing_vibration_axial_warning_min,warning_min,SM_Exgauster\[0:179],Уставка предупредительная min ОВ 7т Эксгаустер №3,analog,1
2,3,Ф-171,7,bearing_vibration_horizontal,vibration_horizontal,SM_Exgauster\[0:6],Горизонтал вибрация подшипника №7. Эксгаустер №3,analog,1
2,3,Ф-171,7,bearing_vibration_horizontal_alarm_max,alarm_max,SM_Exgauster\[0:141],Уставка аварийная max ГВ 7т Эксгаустер №3,analog,1
2,3,Ф-171,7,bearing_vibration_horizontal_alarm_min,alarm_min,SM_Exgauster\[0:153],Уставка аварийная min ГВ 7т Эксгаустер №3,analog,1
2,3,Ф-171,7,bearing_vibration_horizontal_warning_max,warning_max,SM_Exgauster\[0:165],Уставка предупредительная max ГВ 7т Эксгаустер №3,analog,1
2,3,Ф-171,7,bearing_vibration_horizontal_warning_min,warning_min,SM_Exgauster\[0:177],Уставка предупредительная min ГВ 7т Эксгаустер №3,analog,1
2,3,Ф-171,7,bearing_vibration_vertical,vibration_vertical,SM_Exgauster\[0:7],Вертикал вибрация подшипника №7. Эксгаустер №3,analog,1
2,3,Ф-171,7,bearing_vibration_vertical_alarm_max,alarm_max,SM_Exgauster\[0:142],Уставка аварийная max ВВ 7т Эксгаустер №3,analog,1
2,3,Ф-171,7,bearing_vibration_vertical_alarm_min,alarm_min,SM_Exgauster\[0:154],Уставка аварийная min ВВ 7т Эксгаустер №3,analog,1
2,3,Ф-171,7,bearing_vibration_vertical_warning_max,warning_max,SM_Exgauster\[0:166],Уставка предупредительная max ВВ 7т Эксгаустер №3,analog,1
2,3,Ф-171,7,bearing_vibration_vertical_warning_min,warning_min,SM_Exgauster\[0:178],Уставка предупредительная min ВВ 7т Эксгаустер №3,analog,1
2,3,Ф-171,8,bearing_temperature,temperature,SM_Exgauster\[0:34],Температура нагрева подшипника №8 (ротор эксгаустера №3),analog,1
2,3,Ф-171,8,bearing_temperature_alarm_max,alarm_max,SM_Exgauster\[0:70],Уставка аварийная max ТП т8 Эксгаустер №3,analog,1
2,3,Ф-171,8,bearing_temperature_alarm_min,alarm_min,SM_Exgauster\[0:79],Уставка аварийная min ТП т8 Эксгаустер №3,analog,1
2,3,Ф-171,8,bearing_temperature_warning_max,warning_max,SM_Exgauster\[0:88],Уставка предупредительная max ТП т8 Эксгаустер №3,analog,1
2,3,Ф-171,8,bearing_temperature_warning_min,warning_min,SM_Exgauster\[0:97],Уставка предупредительная min ТП т8 Эксгаустер №3,analog,1
2,3,Ф-171,8,bearing_vibration_axial,vibration_axial,SM_Exgauster\[0:11],Осевая вибрация подшипника №8. Эксгаустер №3,analog,1
2,3,Ф-171,8,bearing_vibration_axial_alarm_max,alarm_max,SM_Exgauster\[0:146],Уставка аварийная max ОВ 8т Эксгаустер №3,analog,1
2,3,Ф-171,8,bearing_vibration_axial_alarm_min,alarm_min,SM_Exgauster\[0:158],Уставка аварийная min ОВ 8т Эксгаустер №3,analog,1
2,3,Ф-171,8,bearing_vibration_axial_warning_max,warning_max,SM_Exgauster\[0:170],Уставка предупредительная max ОВ 8т Эксгаустер №3,analog,1
2,3,Ф-171,8,bearing_vibration_axial_warning_min,warning_min,SM_Exgauster\[0:182],Уставка предупредительная min ОВ 8т Эксгаустер №3,analog,1
2,3,Ф-171,8,bearing_vibration_horizontal,vibration_horizontal,SM_Exgauster\[0:9],Горизонтал вибрация подшипника №8. Эксгаустер №3,analog,1
2,3,Ф-171,8,bearing_vibration_horizontal_alarm_max,alarm_max,SM_Exgauster\[0:144],Уставка аварийная max ГВ 8т Эксгаустер №3,analog,1
2,3,Ф-171,8,bearing_vibration_horizontal_alarm_min,alarm_min,SM_Exgauster\[0:156],Уставка аварийная min ГВ 8т Эксгаустер №3,analog,1
2,3,Ф-171,8,bearing_vibration_horizontal_warning_max,warning_max,SM_Exgauster\[0:168],Уставка предупредительная max ГВ 8т Эксгаустер №3,analog,1
2,3,Ф-171,8,bearing_vibration_horizontal_warning_min,warning_min,SM_Exgauster\[0:180],Уставка предупредительная min ГВ 8т Эксгаустер №3,analog,1
2,3,Ф-171,8,bearing_vibration_vertical,vibration_vertical,SM_Exgauster\[0:10],Вертикал вибрация подшипника №8. Эксгаустер №3,analog,1
2,3,Ф-171,8,bearing_vibration_vertical_alarm_max,alarm_max,SM_Exgauster\[0:145],Уставка аварийная max ВВ 8т Эксгаустер №3,analog,1
2,3,Ф-171,8,bearing_vibration_vertical_alarm_min,alarm_min,SM_Exgauster\[0:157],Уставка аварийная min ВВ 8т Эксгаустер №3,analog,1
2,3,Ф-171,8,bearing_vibration_vertical_warning_max,warning_max,SM_Exgauster\[0:169],Уставка предупредительная max ВВ 8т Эксгаустер №3,analog,1
2,3,Ф-171,8,bearing_vibration_vertical_warning_min,warning_min,SM_Exgauster\[0:181],Уставка предупредительная min ВВ 8т Эксгаустер №3,analog,1
2,3,Ф-171,9,bearing_temperature,temperature,SM_Exgauster\[0:35],Температура нагрева подшипника №9 (ротор эксгаустера №3),analog,1
2,3,Ф-171,9,bearing_temperature_alarm_max,alarm_max,SM_Exgauster\[0:71],Уставка аварийная max ТП т9 Эксгаустер №3,analog,1
2,3,Ф-171,9,bearing_temperature_alarm_min,alarm_min,SM_Exgauster\[0:80],Уставка аварийная min ТП т9 Эксгаустер №3,analog,1
2,3,Ф-171,9,bearing_temperature_warning_max,warning_max,SM_Exgauster\[0:89],Уставка предупредительная max ТП т9 Эксгаустер №3,analog,1
2,3,Ф-171,9,bearing_temperature_warning_min,warning_min,SM_Exgauster\[0:98],Уставка предупредительная min ТП т9 Эксгаустер №3,analog,1
2,3,Ф-171,,cooler_oil,temperature_after,SM_Exgauster\[0:42],Температура масла после охладителя. Эксгаустер №3,analog,1
2,3,Ф-171,,cooler_oil,temperature_before,SM_Exgauster\[0:41],Температура масла до охладителя. Эксгаустер №3,analog,1
2,3,Ф-171,,cooler_water,temperature_after,SM_Exgauster\[0:37],Температура воды на выходе охладителя. Эксгаустер №3,analog,1
2,3,Ф-171,,cooler_water,temperature_before,SM_Exgauster\[0:36],Температура воды до охладителя. Эксгаустер №3,analog,1
2,3,Ф-171,,gas,temperature_before,SM_Exgauster\[0:24],Температура перед эксгаустером №3,analog,1
2,3,Ф-171,,gas,underpressure_before,SM_Exgauster\[0:61],Разрежение перед эксгаустером №3,analog,1
2,3,Ф-171,,valve_pos,gas_valve_closed,SM_Exgauster\[1.1],ЗАКРЫТО задвижка газ Эксгаустер №3,digital,1
2,3,Ф-171,,valve_pos,gas_valve_open,SM_Exgauster\[1.2],ОТКРЫТО задвижка газ Эксгаустер №3,digital,1
2,3,Ф-171,,valve_pos,gas_valve_position,SM_Exgauster\[1:6],Положение задвижки газ Эксгаустера №3,analog,1
2,3,Ф-171,,main_drive,rotor_current,SM_Exgauster\[1:2],Ток ротора эксгаустера №3,analog,1
2,3,Ф-171,,main_drive,rotor_voltage,SM_Exgauster\[1:4],Напряжение ротора эксгаустера №3,analog,1
2,3,Ф-171,,main_drive,stator_current,SM_Exgauster\[1:3],Ток статора эксгаустера №3,analog,1
2,3,Ф-171,,main_drive,stator_voltage,SM_Exgauster\[1:5],Напряжение статора эксгаустера №3,analog,1
2,3,Ф-171,,oil,oil_level,SM_Exgauster\[1:0],Уровень масла в маслосистеме эксгаустера №3,analog,1
2,3,Ф-171,,oil,oil_pressure,SM_Exgauster\[1:1],Давление масла в маслосистеме эксгаустера №3,analog,1
2,3,Ф-171,,work,work,SM_Exgauster\[0.0],46 Работа Эксгаустера №3,digital,1
2,4,Ф-172,1,bearing_temperature,temperature,SM_Exgauster\[0:43],Температура нагрева подшипника №1 (ротора привода эксгаустера №4),analog,1
2,4,Ф-172,1,bearing_temperature_alarm_max,alarm_max,SM_Exgauster\[0:99],Уставка аварийная max ТП т1 Эксгаустер №4,analog,1
2,4,Ф-172,1,bearing_temperature_alarm_min,alarm_min,SM_Exgauster\[0:108],Уставка аварийная min ТП т1 Эксгаустер №4,analog,1
2,4,Ф-172,1,bearing_temperature_warning_max,warning_max,SM_Exgauster\[0:117],Уставка предупредительная max ТП т1 Эксгаустер №4,analog,1
2,4,Ф-172,1,bearing_temperature_warning_min,warning_min,SM_Exgauster\[0:126],Уставка предупредительная min ТП т1 Эксгаустер №4,analog,1
2,4,Ф-172,1,bearing_vibration_axial,vibration_axial,SM_Exgauster\[0:14],Осевая вибрация подшипника №1. Эксгаустер №4,analog,1
2,4,Ф-172,1,bearing_vibration_axial_alarm_max,alarm_max,SM_Exgauster\[0:185],Уставка аварийная max ОВ 1т Эксгаустер №4,analog,1
2,4,Ф-172,1,bearing_vibration_axial_alarm_min,alarm_min,SM_Exgauster\[0:197],Уставка аварийная min ОВ 1т Эксгаустер №4,analog,1
2,4,Ф-172,1,bearing_vibration_axial_warning_max,warning_max,SM_Exgauster\[0:209],Уставка предупредительная max ОВ 1т Эксгаустер №4,analog,1
2,4,Ф-172,1,bearing_vibration_axial_warning_min,warning_min,SM_Exgauster\[0:221],Уставка предупредительная min ОВ 1т Эксгаустер №4,analog,1
2,4,Ф-172,1,bearing_vibration_horizontal,vibration_horizontal,SM_Exgauster\[0:12],Горизонтал вибрация подшипника №1. Эксгаустер №4,analog,1
2,4,Ф-172,1,bearing_vibration_horizontal_alarm_max,alarm_max,SM_Exgauster\[0:183],Уставка аварийная max ГВ 1т Эксгаустер №4,analog,1
2,4,Ф-172,1,bearing_vibration_horizontal_alarm_min,alarm_min,SM_Exgauster\[0:195],Уставка аварийная min ГВ 1т Эксгаустер №4,analog,1
2,4,Ф-172,1,bearing_vibration_horizontal_warning_max,warning_max,SM_Exgauster\[0:207],Уставка предупредительная max ГВ 1т Эксгаустер №4,analog,1
2,4,Ф-172,1,bearing_vibration_horizontal_warning_min,warning_min,SM_Exgauster\[0:219],Уставка предупредительная min ГВ 1т Эксгаустер №4,analog,1
2,4,Ф-172,1,bearing_vibration_vertical,vibration_vertical,SM_Exgauster\[0:13],Вертикал вибрация подшипника №1. Эксгаустер №4,analog,1
2,4,Ф-172,1,bearing_vibration_vertical_alarm_max,alarm_max,SM_Exgauster\[0:184],Уставка аварийная max ВВ 1т Эксгаустер №4,analog,1
2,4,Ф-172,1,bearing_vibration_vertical_alarm_min,alarm_min,SM_Exgauster\[0:196],Уставка аварийная min ВВ 1т Эксгаустер №4,analog,1
2,4,Ф-172,1,bearing_vibration_vertical_warning_max,warning_max,SM_Exgauster\[0:208],Уставка предупредительная max ВВ 1т Эксгаустер №4,analog,1
2,4,Ф-172,1,bearing_vibration_vertical_warning_min,warning_min,SM_Exgauster\[0:220],Уставка предупредительная min ВВ 1т Эксгаустер №4,analog,1
2,4,Ф-172,2,bearing_temperature,temperature,SM_Exgauster\[0:44],Температура нагрева подшипника №2 (ротора привода эксгаустера №4),analog,1
2,4,Ф-172,2,bearing_temperature_alarm_max,alarm_max,SM_Exgauster\[0:100],Уставка аварийная max ТП т2 Эксгаустер №4,analog,1
2,4,Ф-172,2,bearing_temperature_alarm_min,alarm_min,SM_Exgauster\[0:109],Уставка аварийная min ТП т2 Эксгаустер №4,analog,1
2,4,Ф-172,2,bearing_temperature_warning_max,warning_max,SM_Exgauster\[0:118],Уставка предупредительная max ТП т2 Эксгаустер №4,analog,1
2,4,Ф-172,2,bearing_temperature_warning_min,warning_min,SM_Exgauster\[0:127],Уставка предупредительная min ТП т2 Эксгаустер №4,analog,1
2,4,Ф-172,2,bearing_vibration_axial,vibration_axial,SM_Exgauster\[0:17],Осевая вибрация подшипника №2. Эксгаустер №4,analog,1
2,4,Ф-172,2,bearing_vibration_axial_alarm_max,alarm_max,SM_Exgauster\[0:188],Уставка аварийная max ОВ 2т Эксгаустер №4,analog,1
2,4,Ф-172,2,bearing_vibration_axial_alarm_min,alarm_min,SM_Exgauster\[0:200],Уставка аварийная min ОВ 2т Эксгаустер №4,analog,1
2,4,Ф-172,2,bearing_vibration_axial_warning_max,warning_max,SM_Exgauster\[0:212],Уставка предупредительная max ОВ 2т Эксгаустер №4,analog,1
2,4,Ф-172,2,bearing_vibration_axial_warning_min,warning_min,SM_Exgauster\[0:224],Уставка предупредительная min ОВ 2т Эксгаустер №4,analog,1
2,4,Ф-172,2,bearing_vibration_horizontal,vibration_horizontal,SM_Exgauster\[0:15],Горизонтал вибрация подшипника №2. Эксгаустер №4,analog,1
2,4,Ф-172,2,bearing_vibration_horizontal_alarm_max,alarm_max,SM_Exgauster\[0:186],Уставка аварийная max ГВ 2т Эксгаустер №4,analog,1
2,4,Ф-172,2,bearing_vibration_horizontal_alarm_min,alarm_min,SM_Exgauster\[0:198],Уставка аварийная min ГВ 2т Эксгаустер №4,analog,1
2,4,Ф-172,2,bearing_vibration_horizontal_warning_max,warning_max,SM_Exgauster\[0:210],Уставка предупредительная max ГВ 2т Эксгаустер №4,analog,1
2,4,Ф-172,2,bearing_vibration_horizontal_warning_min,warning_min,SM_Exgauster\[0:222],Уставка предупредительная min ГВ 2т Эксгаустер №4,analog,1
2,4,Ф-172,2,bearing_vibration_vertical,vibration_vertical,SM_Exgauster\[0:16],Вертикал вибрация подшипника №2. Эксгаустер №4,analog,1
2,4,Ф-172,2,bearing_vibration_vertical_alarm_max,alarm_max,SM_Exgauster\[0:187],Уставка аварийная max ВВ 2т Эксгаустер №4,analog,1
2,4,Ф-172,2,bearing_vibration_vertical_alarm_min,alarm_min,SM_Exgauster\[0:199],Уставка аварийная min ВВ 2т Эксгаустер №4,analog,1
2,4,Ф-172,2,bearing_vibration_vertical_warning_max,warning_max,SM_Exgauster\[0:211],Уставка предупредительная max ВВ 2т Эксгаустер №4,analog,1
2,4,Ф-172,2,bearing_vibration_vertical_warning_min,warning_min,SM_Exgauster\[0:223],Уставка предупредительная min ВВ 2т Эксгаустер №4,analog,1
2,4,Ф-172,3,bearing_temperature,temperature,SM_Exgauster\[0:45],Температура нагрева подшипника №3 (редуктор эксгаустера №4),analog,1
2,4,Ф-172,3,bearing_temperature_alarm_max,alarm_max,SM_Exgauster\[0:101],Уставка аварийная max ТП т3 Эксгаустер №4,analog,1
2,4,Ф-172,3,bearing_temperature_alarm_min,alarm_min,SM_Exgauster\[0:110],Уставка аварийная min ТП т3 Эксгаустер №4,analog,1
2,4,Ф-172,3,bearing_temperature_warning_max,warning_max,SM_Exgauster\[0:119],Уставка предупредительная max ТП т3 Эксгаустер №4,analog,1
2,4,Ф-172,3,bearing_temperature_warning_min,warning_min,SM_Exgauster\[0:128],Уставка предупредительная min ТП т3 Эксгаустер №4,analog,1
2,4,Ф-172,4,bearing_temperature,temperature,SM_Exgauster\[0:47],Температура нагрева подшипника №4 (редуктор эксгаустера №4),analog,1
2,4,Ф-172,4,bearing_temperature_alarm_max,alarm_max,SM_Exgauster\[0:102],Уставка аварийная max ТП т4 Эксгаустер №4,analog,1
2,4,Ф-172,4,bearing_temperature_alarm_min,alarm_min,SM_Exgauster\[0:111],Уставка аварийная min ТП т4 Эксгаустер №4,analog,1
2,4,Ф-172,4,bearing_temperature_warning_max,warning_max,SM_Exgauster\[0:120],Уставка предупредительная max ТП т4 Эксгаустер №4,analog,1
2,4,Ф-172,4,bearing_temperature_warning_min,warning_min,SM_Exgauster\[0:129],Уставка предупредительная min ТП т4 Эксгаустер №4,analog,1
2,4,Ф-172,5,bearing_temperature,temperature,SM_Exgauster\[0:48],Температура нагрева подшипника №5 (редуктор эксгаустера №4),analog,1
2,4,Ф-172,5,bearing_temperature_alarm_max,alarm_max,SM_Exgauster\[0:103],Уставка аварийная max ТП т5 Эксгаустер №4,analog,1
2,4,Ф-172,5,bearing_temperature_alarm_min,alarm_min,SM_Exgauster\[0:112],Уставка аварийная min ТП т5 Эксгаустер №4,analog,1
2,4,Ф-172,5,bearing_temperature_warning_max,warning_max,SM_Exgauster\[0:121],Уставка предупредительная max ТП т5 Эксгаустер №4,analog,1
2,4,Ф-172,5,bearing_temperature_warning_min,warning_min,SM_Exgauster\[0:130],Уставка предупредительная min ТП т5 Эксгаустер №4,analog,1
2,4,Ф-172,6,bearing_temperature,temperature,SM_Exgauster\[0:49],Температура нагрева подшипника №6 (редуктор эксгаустера №4),analog,1
2,4,Ф-172,6,bearing_temperature_alarm_max,alarm_max,SM_Exgauster\[0:104],Уставка аварийная max ТП т6 Эксгаустер №4,analog,1
2,4,Ф-172,6,bearing_temperature_alarm_min,alarm_min,SM_Exgauster\[0:113],Уставка аварийная min ТП т6 Эксгаустер №4,analog,1
2,4,Ф-172,6,bearing_temperature_warning_max,warning_max,SM_Exgauster\[0:122],Уставка предупредительная max ТП т6 Эксгаустер №4,analog,1
2,4,Ф-172,6,bearing_temperature_warning_min,warning_min,SM_Exgauster\[0:131],Уставка предупредительная min ТП т6 Эксгаустер №4,analog,1
2,4,Ф-172,7,bearing_temperature,temperature,SM_Exgauster\[0:50],Температура нагрева подшипника №7 (ротор эксгаустера №4),analog,1
2,4,Ф-172,7,bearing_temperature_alarm_max,alarm_max,SM_Exgauster\[0:105],Уставка аварийная max ТП т7 Эксгаустер №4,analog,1
2,4,Ф-172,7,bearing_temperature_alarm_min,alarm_min,SM_Exgauster\[0:114],Уставка аварийная min ТП т7 Эксгаустер №4,analog,1
2,4,Ф-172,7,bearing_temperature_warning_max,warning_max,SM_Exgauster\[0:123],Уставка предупредительная max ТП т7 Эксгаустер №4,analog,1
2,4,Ф-172,7,bearing_temperature_warning_min,warning_min,SM_Exgauster\[0:132],Уставка предупредительная min ТП т7 Эксгаустер №4,analog,1
2,4,Ф-172,7,bearing_vibration_axial,vibration_axial,SM_Exgauster\[0:20],Осевая вибрация подшипника №7. Эксгаустер №4,analog,1
2,4,Ф-172,7,bearing_vibration_axial_alarm_max,alarm_max,SM_Exgauster\[0:191],Уставка аварийная max ОВ 7т Эксгаустер №4,analog,1
2,4,Ф-172,7,bearing_vibration_axial_alarm_min,alarm_min,SM_Exgauster\[0:203],Уставка аварийная min ОВ 7т Эксгаустер №4,analog,1
2,4,Ф-172,7,bearing_vibration_axial_warning_max,warning_max,SM_Exgauster\[0:215],Уставка предупредительная max ОВ 7т Эксгаустер №4,analog,1
2,4,Ф-172,7,bearing_vibration_axial_warning_min,warning_min,SM_Exgauster\[0:227],Уставка предупредительная min ОВ 7т Эксгаустер №4,analog,1
2,4,Ф-172,7,bearing_vibration_horizontal,vibration_horizontal,SM_Exgauster\[0:18],Горизонтал вибрация подшипника №7. Эксгаустер №4,analog,1
2,4,Ф-172,7,bearing_vibration_horizontal_alarm_max,alarm_max,SM_Exgauster\[0:189],Уставка аварийная max ГВ 7т Эксгаустер №4,analog,1
2,4,Ф-172,7,bearing_vibration_horizontal_alarm_min,alarm_min,SM_Exgauster\[0:201],Уставка аварийная min ГВ 7т Эксгаустер №4,analog,1
2,4,Ф-172,7,bearing_vibration_horizontal_warning_max,warning_max,SM_Exgauster\[0:213],Уставка предупредительная max ГВ 7т Эксгаустер №4,analog,1
2,4,Ф-172,7,bearing_vibration_horizontal_warning_min,warning_min,SM_Exgauster\[0:225],Уставка предупредительная min ГВ 7т Эксгаустер №4,analog,1
2,4,Ф-172,7,bearing_vibration_vertical,vibration_vertical,SM_Exgauster\[0:19],Вертикал вибрация подшипника №7. Эксгаустер №4,analog,1
2,4,Ф-172,7,bearing_vibration_vertical_alarm_max,alarm_max,SM_Exgauster\[0:190],Уставка аварийная max ВВ 7т Эксгаустер №4,analog,1
2,4,Ф-172,7,bearing_vibration_vertical_alarm_min,alarm_min,SM_Exgauster\[0:202],Уставка аварийная min ВВ 7т Эксгаустер №4,analog,1
2,4,Ф-172,7,bearing_vibration_vertical_warning_max,warning_max,SM_Exgauster\[0:214],Уставка предупредительная max ВВ 7т Эксгаустер №4,analog,1
2,4,Ф-172,7,bearing_vibration_vertical_warning_min,warning_min,SM_Exgauster\[0:226],Уставка предупредительная min ВВ 7т Эксгаустер №4,analog,1
2,4,Ф-172,8,bearing_temperature,temperature,SM_Exgauster\[0:51],Температура нагрева подшипника №8 (ротор эксгаустера №4),analog,1
2,4,Ф-172,8,bearing_temperature_alarm_max,alarm_max,SM_Exgauster\[0:106],Уставка аварийная max ТП т8 Эксгаустер №4,analog,1
2,4,Ф-172,8,bearing_temperature_alarm_min,alarm_min,SM_Exgauster\[0:115],Уставка аварийная min ТП т8 Эксгаустер №4,analog,1
2,4,Ф-172,8,bearing_temperature_warning_max,warning_max,SM_Exgauster\[0:124],Уставка предупредительная max ТП т8 Эксгаустер №4,analog,1
2,4,Ф-172,8,bearing_temperature_warning_min,warning_min,SM_Exgauster\[0:133],Уставка предупредительная min ТП т8 Эксгаустер №4,analog,1
2,4,Ф-172,8,bearing_vibration_axial,vibration_axial,SM_Exgauster\[0:23],Осевая вибрация подшипника №8. Эксгаустер №4,analog,1
2,4,Ф-172,8,bearing_vibration_axial_alarm_max,alarm_max,SM_Exgauster\[0:194],Уставка аварийная max ОВ 8т Эксгаустер №4,analog,1
2,4,Ф-172,8,bearing_vibration_axial_alarm_min,alarm_min,SM_Exgauster\[0:206],Уставка аварийная min ОВ 8т Эксгаустер №4,analog,1
2,4,Ф-172,8,bearing_vibration_axial_warning_max,warning_max,SM_Exgauster\[0:218],Уставка предупредительная max ОВ 8т Эксгаустер №4,analog,1
2,4,Ф-172,8,bearing_vibration_axial_warning_min,warning_min,SM_Exgauster\[0:230],Уставка предупредительная min ОВ 8т Эксгаустер №4,analog,1
2,4,Ф-172,8,bearing_vibration_horizontal,vibration_horizontal,SM_Exgauster\[0:21],Горизонтал вибрация подшипника №8. Эксгаустер №4,analog,1
2,4,Ф-172,8,bearing_vibration_horizontal_alarm_max,alarm_max,SM_Exgauster\[0:192],Уставка аварийная max ГВ 8т Эксгаустер №4,analog,1
2,4,Ф-172,8,bearing_vibration_horizontal_alarm_min,alarm_min,SM_Exgauster\[0:204],Уставка аварийная min ГВ 8т Эксгаустер №4,analog,1
2,4,Ф-172,8,bearing_vibration_horizontal_warning_max,warning_max,SM_Exgauster\[0:216],Уставка предупредительная max ГВ 8т Эксгаустер №4,analog,1
2,4,Ф-172,8,bearing_vibration_horizontal_warning_min,warning_min,SM_Exgauster\[0:228],Уставка предупредительная min ГВ 8т Эксгаустер №4,analog,1
2,4,Ф-172,8,bearing_vibration_vertical,vibration_vertical,SM_Exgauster\[0:22],Вертикал вибрация подшипника №8. Эксгаустер №4,analog,1
2,4,Ф-172,8,bearing_vibration_vertical_alarm_max,alarm_max,SM_Exgauster\[0:193],Уставка аварийная max ВВ 8т Эксгаустер №4,analog,1
2,4,Ф-172,8,bearing_vibration_vertical_alarm_min,alarm_min,SM_Exgauster\[0:205],Уставка аварийная min ВВ 8т Эксгаустер №4,analog,1
2,4,Ф-172,8,bearing_vibration_vertical_warning_max,warning_max,SM_Exgauster\[0:217],Уставка предупредительная max ВВ 8т Эксгаустер №4,analog,1
2,4,Ф-172,8,bearing_vibration_vertical_warning_min,warning_min,SM_Exgauster\[0:229],Уставка предупредительная min ВВ 8т Эксгаустер №4,analog,1
2,4,Ф-172,9,bearing_temperature,temperature,SM_Exgauster\[0:52],Температура нагрева подшипника №9 (ротор эксгаустера №4),analog,1
2,4,Ф-172,9,bearing_temperature_alarm_max,alarm_max,SM_Exgauster\[0:107],Уставка аварийная max ТП т9 Эксгаустер №4,analog,1
2,4,Ф-172,9,bearing_temperature_alarm_min,alarm_min,SM_Exgauster\[0:116],Уставка аварийная min ТП т9 Эксгаустер №4,analog,1
2,4,Ф-172,9,bearing_temperature_warning_max,warning_max,SM_Exgauster\[0:125],Уставка предупредительная max ТП т9 Эксгаустер №4,analog,1
2,4,Ф-172,9,bearing_temperature_warning_min,warning_min,SM_Exgauster\[0:134],Уставка предупредительная min ТП т9 Эксгаустер №4,analog,1
2,4,Ф-172,,cooler_oil,temperature_after,SM_Exgauster\[0:60],Температура масла после охладителя. Эксгаустер №4,analog,1
2,4,Ф-172,,cooler_oil,temperature_before,SM_Exgauster\[0:59],Температура масла до охладителя. Эксгаустер №4,analog,1
2,4,Ф-172,,cooler_water,temperature_after,SM_Exgauster\[0:54],Температура воды на выходе охладителя. Эксгаустер №4,analog,1
2,4,Ф-172,,cooler_water,temperature_before,SM_Exgauster\[0:53],Температура воды до охладителя. Эксгаустер №4,analog,1
2,4,Ф-172,,gas,temperature_before,SM_Exgauster\[0:25],Температура перед эксгаустером №4,analog,1
2,4,Ф-172,,gas,underpressure_before,SM_Exgauster\[0:62],Разрежение перед эксгаустером №4,analog,1
2,4,Ф-172,,valve_pos,gas_valve_closed,SM_Exgauster\[1.6],ЗАКРЫТО задвижка газ Эксгаустер №4,digital,1
2,4,Ф-172,,valve_pos,gas_valve_open,SM_Exgauster\[1.7],ОТКРЫТО задвижка газ Эксгаустер №4,digital,1
2,4,Ф-172,,valve_pos,gas_valve_position,SM_Exgauster\[1:13],Положение задвижки газ Эксгаустера №4,analog,1
2,4,Ф-172,,main_drive,rotor_current,SM_Exgauster\[1:9],Ток ротора Эксгаустера №4,analog,1
2,4,Ф-172,,main_drive,rotor_voltage,SM_Exgauster\[1:11],Напряжение ротора Эксгаустера №4,analog,1
2,4,Ф-172,,main_drive,stator_current,SM_Exgauster\[1:10],Ток статора Эксгаустера №4,analog,1
2,4,Ф-172,,main_drive,stator_voltage,SM_Exgauster\[1:12],Напряжение статора Эксгаустера №4,analog,1
2,4,Ф-172,,oil,oil_level,SM_Exgauster\[1:7],Уровень масла в маслосистеме Эксгаустера №4,analog,1
2,4,Ф-172,,oil,oil_pressure,SM_Exgauster\[1:8],Давление масла в маслосистеме Эксгаустера №4,analog,1
2,4,Ф-172,,work,work,SM_Exgauster\[0.1],62 Работа Эксгаустера №4,digital,1
3,5,X-171,1,bearing_temperature,temperature,SM_Exgauster\[3:27],Температура нагрева подшипника №1 (ротора привода эксгаустера №5),analog,1
3,5,X-171,1,bearing_temperature_alarm_max,alarm_max,SM_Exgauster\[3:63],Уставка аварийная max ТП т1 Эксгаустер №5,analog,1
3,5,X-171,1,bearing_temperature_alarm_min,alarm_min,SM_Exgauster\[3:72],Уставка аварийная min ТП т1 Эксгаустер №5,analog,1
3,5,X-171,1,bearing_temperature_warning_max,warning_max,SM_Exgauster\[3:81],Уставка предупредительная max ТП т1 Эксгаустер №5,analog,1
3,5,X-171,1,bearing_temperature_warning_min,warning_min,SM_Exgauster\[3:90],Уставка предупредительная min ТП т1 Эксгаустер №5,analog,1
3,5,X-171,1,bearing_vibration_axial,vibration_axial,SM_Exgauster\[3:2],Осевая вибрация подшипника №1. Эксгаустер №5,analog,1
3,5,X-171,1,bearing_vibration_axial_alarm_max,alarm_max,SM_Exgauster\[3:137],Уставка аварийная max ОВ 1т Эксгаустер №5,analog,1
3,5,X-171,1,bearing_vibration_axial_alarm_min,alarm_min,SM_Exgauster\[3:149],Уставка аварийная min ОВ 1т Эксгаустер №5,analog,1
3,5,X-171,1,bearing_vibration_axial_warning_max,warning_max,SM_Exgauster\[3:161],Уставка предупредительная max ОВ 1т Эксгаустер №5,analog,1
3,5,X-171,1,bearing_vibration_axial_warning_min,warning_min,SM_Exgauster\[3:173],Уставка предупредительная min ОВ 1т Эксгаустер №5,analog,1
3,5,X-171,1,bearing_vibration_horizontal,vibration_horizontal,SM_Exgauster\[3:0],Горизонтал вибрация подшипника №1. Эксгаустер №5,analog,1
3,5,X-171,1,bearing_vibration_horizontal_alarm_max,alarm_max,SM_Exgauster\[3:135],Уставка аварийная max ГВ 1т Эксгаустер №5,analog,1
3,5,X-171,1,bearing_vibration_horizontal_alarm_min,alarm_min,SM_Exgauster\[3:147],Уставка аварийная min ГВ 1т Эксгаустер №5,analog,1
3,5,X-171,1,bearing_vibration_horizontal_warning_max,warning_max,SM_Exgauster\[3:159],Уставка предупредительная max ГВ 1т Эксгаустер №5,analog,1
3,5,X-171,1,bearing_vibration_horizontal_warning_min,warning_min,SM_Exgauster\[3:171],Уставка предупредительная min ГВ 1т Эксгаустер №5,analog,1
3,5,X-171,1,bearing_vibration_vertical,vibration_vertical,SM_Exgauster\[3:1],Вертикал вибрация подшипника №1. Эксгаустер №5,analog,1
3,5,X-171,1,bearing_vibration_vertical_alarm_max,alarm_max,SM_Exgauster\[3:136],Уставка аварийная max ВВ 1т Эксгаустер №5,analog,1
3,5,X-171,1,bearing_vibration_vertical_alarm_min,alarm_min,SM_Exgauster\[3:148],Уставка аварийная min ВВ 1т Эксгаустер №5,analog,1
3,5,X-171,1,bearing_vibration_vertical_warning_max,warning_max,SM_Exgauster\[3:160],Уставка предупредительная max ВВ 1т Эксгаустер №5,analog,1
3,5,X-171,1,bearing_vibration_vertical_warning_min,warning_min,SM_Exgauster\[3:172],Уставка предупредительная min ВВ 1т Эксгаустер №5,analog,1
3,5,X-171,2,bearing_temperature,temperature,SM_Exgauster\[3:28],Температура нагрева подшипника №2 (ротора привода эксгаустера №5),analog,1
3,5,X-171,2,bearing_temperature_alarm_max,alarm_max,SM_Exgauster\[3:64],Уставка аварийная max ТП т2 Эксгаустер №5,analog,1
3,5,X-171,2,bearing_temperature_alarm_min,alarm_min,SM_Exgauster\[3:73],Уставка аварийная min ТП т2 Эксгаустер №5,analog,1
3,5,X-171,2,bearing_temperature_warning_max,warning_max,SM_Exgauster\[3:82],Уставка предупредительная max ТП т2 Эксгаустер №5,analog,1
3,5,X-171,2,bearing_temperature_warning_min,warning_min,SM_Exgauster\[3:91],Уставка предупредительная min ТП т2 Эксгаустер №5,analog,1
3,5,X-171,2,bearing_vibration_axial,vibration_axial,SM_Exgauster\[3:5],Осевая вибрация подшипника №2. Эксгаустер №5,analog,1
3,5,X-171,2,bearing_vibration_axial_alarm_max,alarm_max,SM_Exgauster\[3:140],Уставка аварийная max ОВ 2т Эксгаустер №5,analog,1
3,5,X-171,2,bearing_vibration_axial_alarm_min,alarm_min,SM_Exgauster\[3:152],Уставка аварийная min ОВ 2т Эксгаустер №5,analog,1
3,5,X-171,2,bearing_vibration_axial_warning_max,warning_max,SM_Exgauster\[3:164],Уставка предупредительная max ОВ 2т Эксгаустер №5,analog,1
3,5,X-171,2,bearing_vibration_axial_warning_min,warning_min,SM_Exgauster\[3:176],Уставка предупредительная min ОВ 2т Эксгаустер №5,analog,1
3,5,X-171,2,bearing_vibration_horizontal,vibration_horizontal,SM_Exgauster\[3:3],Горизонтал вибрация подшипника №2. Эксгаустер №5,analog,1
3,5,X-171,2,bearing_vibration_horizontal_alarm_max,alarm_max,SM_Exgauster\[3:138],Уставка аварийная max ГВ 2т Эксгаустер №5,analog,1
3,5,X-171,2,bearing_vibration_horizontal_alarm_min,alarm_min,SM_Exgauster\[3:150],Уставка аварийная min ГВ 2т Эксгаустер №5,analog,1
3,5,X-171,2,bearing_vibration_horizontal_warning_max,warning_max,SM_Exgauster\[3:162],Уставка предупредительная max ГВ 2т Эксгаустер №5,analog,1
3,5,X-171,2,bearing_vibration_horizontal_warning_min,warning_min,SM_Exgauster\[3:174],Уставка предупредительная min ГВ 2т Эксгаустер №5,analog,1
3,5,X-171,2,bearing_vibration_vertical,vibration_vertical,SM_Exgauster\[3:4],Вертикал вибрация подшипника №2. Эксгаустер №5,analog,1
3,5,X-171,2,bearing_vibration_vertical_alarm_max,alarm_max,SM_Exgauster\[3:139],Уставка аварийная max ВВ 2т Эксгаустер №5,analog,1
3,5,X-171,2,bearing_vibration_vertical_alarm_min,alarm_min,SM_Exgauster\[3:151],Уставка аварийная min ВВ 2т Эксгаустер №5,analog,1
3,5,X-171,2,bearing_vibration_vertical_warning_max,warning_max,SM_Exgauster\[3:163],Уставка предупредительная max ВВ 2т Эксгаустер №5,analog,1
3,5,X-171,2,bearing_vibration_vertical_warning_min,warning_min,SM_Exgauster\[3:175],Уставка предупредительная min ВВ 2т Эксгаустер №5,analog,1
3,5,X-171,3,bearing_temperature,temperature,SM_Exgauster\[3:29],Температура нагрева подшипника №3 (редуктор эксгаустера). Эксгаустер №5,analog,1
3,5,X-171,3,bearing_temperature_alarm_max,alarm_max,SM_Exgauster\[3:65],Уставка аварийная max ТП т3 Эксгаустер №5,analog,1
3,5,X-171,3,bearing_temperature_alarm_min,alarm_min,SM_Exgauster\[3:74],Уставка аварийная min ТП т3 Эксгаустер №5,analog,1
3,5,X-171,3,bearing_temperature_warning_max,warning_max,SM_Exgauster\[3:83],Уставка предупредительная max ТП т3 Эксгаустер №5,analog,1
3,5,X-171,3,bearing_temperature_warning_min,warning_min,SM_Exgauster\[3:92],Уставка предупредительная min ТП т3 Эксгаустер №5,analog,1
3,5,X-171,4,bearing_temperature,temperature,SM_Exgauster\[3:30],Температура нагрева подшипника №4 (редуктор эксгаустера №5),analog,1
3,5,X-171,4,bearing_temperature_alarm_max,alarm_max,SM_Exgauster\[3:66],Уставка аварийная max ТП т4 Эксгаустер №5,analog,1
3,5,X-171,4,bearing_temperature_alarm_min,alarm_min,SM_Exgauster\[3:75],Уставка аварийная min ТП т4 Эксгаустер №5,analog,1
3,5,X-171,4,bearing_temperature_warning_max,warning_max,SM_Exgauster\[3:84],Уставка предупредительная max ТП т4 Эксгаустер №5,analog,1
3,5,X-171,4,bearing_temperature_warning_min,warning_min,SM_Exgauster\[3:93],Уставка предупредительная min ТП т4 Эксгаустер №5,analog,1
3,5,X-171,5,bearing_temperature,temperature,SM_Exgauster\[3:31],Температура нагрева подшипника №5 (редуктор эксгаустера №5),analog,1
3,5,X-171,5,bearing_temperature_alarm_max,alarm_max,SM_Exgauster\[3:67],Уставка аварийная max ТП т5 Эксгаустер №5,analog,1
3,5,X-171,5,bearing_temperature_alarm_min,alarm_min,SM_Exgauster\[3:76],Уставка аварийная min ТП т5 Эксгаустер №5,analog,1
3,5,X-171,5,bearing_temperature_warning_max,warning_max,SM_Exgauster\[3:85],Уставка предупредительная max ТП т5 Эксгаустер №5,analog,1
3,5,X-171,5,bearing_temperature_warning_min,warning_min,SM_Exgauster\[3:94],Уставка предупредительная min ТП т5 Эксгаустер №5,analog,1
3,5,X-171,6,bearing_temperature,temperature,SM_Exgauster\[3:32],Температура нагрева подшипника №6 (редуктор эксгаустера №5),analog,1
3,5,X-171,6,bearing_temperature_alarm_max,alarm_max,SM_Exgauster\[3:68],Уставка аварийная max ТП т6 Эксгаустер №5,analog,1
3,5,X-171,6,bearing_temperature_alarm_min,alarm_min,SM_Exgauster\[3:77],Уставка аварийная min ТП т6 Эксгаустер №5,analog,1
3,5,X-171,6,bearing_temperature_warning_max,warning_max,SM_Exgauster\[3:86],Уставка предупредительная max ТП т6 Эксгаустер №5,analog,1
3,5,X-171,6,bearing_temperature_warning_min,warning_min,SM_Exgauster\[3:95],Уставка предупредительная min ТП т6 Эксгаустер №5,analog,1
3,5,X-171,7,bearing_temperature,temperature,SM_Exgauster\[3:33],Температура нагрева подшипника №7 (ротор эксгаустера №5),analog,1
3,5,X-171,7,bearing_temperature_alarm_max,alarm_max,SM_Exgauster\[3:69],Уставка аварийная max ТП т7 Эксгаустер №5,analog,1
3,5,X-171,7,bearing_temperature_alarm_min,alarm_min,SM_Exgauster\[3:78],Уставка аварийная min ТП т7 Эксгаустер №5,analog,1
3,5,X-171,7,bearing_temperature_warning_max,warning_max,SM_Exgauster\[3:87],Уставка предупредительная max ТП т7 Эксгаустер №5,analog,1
3,5,X-171,7,bearing_temperature_warning_min,warning_min,SM_Exgauster\[3:96],Уставка предупредительная min ТП т7 Эксгаустер №5,analog,1
3,5,X-171,7,bearing_vibration_axial,vibration_axial,SM_Exgauster\[3:8],Осевая вибрация подшипника №7. Эксгаустер №5,analog,1
3,5,X-171,7,bearing_vibration_axial_alarm_max,alarm_max,SM_Exgauster\[3:143],Уставка аварийная max ОВ 7т Эксгаустер №5,analog,1
3,5,X-171,7,bearing_vibration_axial_alarm_min,alarm_min,SM_Exgauster\[3:155],Уставка аварийная min ОВ 7т Эксгаустер №5,analog,1
3,5,X-171,7,bearing_vibration_axial_warning_max,warning_max,SM_Exgauster\[3:167],Уставка предупредительная max ОВ 7т Эксгаустер №5,analog,1
3,5,X-171,7,bearing_vibration_axial_warning_min,warning_min,SM_Exgauster\[3:179],Уставка предупредительная min ОВ 7т Эксгаустер №5,analog,1
3,5,X-171,7,bearing_vibration_horizontal,vibration_horizontal,SM_Exgauster\[3:6],Горизонтал вибрация подшипника №7. Эксгаустер №5,analog,1
3,5,X-171,7,bearing_vibration_horizontal_alarm_max,alarm_max,SM_Exgauster\[3:141],Уставка аварийная max ГВ 7т Эксгаустер №5,analog,1
3,5,X-171,7,bearing_vibration_horizontal_alarm_min,alarm_min,SM_Exgauster\[3:153],Уставка аварийная min ГВ 7т Эксгаустер №5,analog,1
3,5,X-171,7,bearing_vibration_horizontal_warning_max,warning_max,SM_Exgauster\[3:165],Уставка предупредительная max ГВ 7т Эксгаустер №5,analog,1
3,5,X-171,7,bearing_vibration_horizontal_warning_min,warning_min,SM_Exgauster\[3:177],Уставка предупредительная min ГВ 7т Эксгаустер №5,analog,1
3,5,X-171,7,bearing_vibration_vertical,vibration_vertical,SM_Exgauster\[3:7],Вертикал вибрация подшипника №7. Эксгаустер №5,analog,1
3,5,X-171,7,bearing_vibration_vertical_alarm_max,alarm_max,SM_Exgauster\[3:142],Уставка аварийная max ВВ 7т Эксгаустер №5,analog,1
3,5,X-171,7,bearing_vibration_vertical_alarm_min,alarm_min,SM_Exgauster\[3:154],Уставка аварийная min ВВ 7т Эксгаустер №5,analog,1
3,5,X-171,7,bearing_vibration_vertical_warning_max,warning_max,SM_Exgauster\[3:166],Уставка предупредительная max ВВ 7т Эксгаустер №5,analog,1
3,5,X-171,7,bearing_vibration_vertical_warning_min,warning_min,SM_Exgauster\[3:178],Уставка предупредительная min ВВ 7т Эксгаустер №5,analog,1
3,5,X-171,8,bearing_temperature,temperature,SM_Exgauster\[3:34],Температура нагрева подшипника №8 (ротор эксгаустера №5),analog,1
3,5,X-171,8,bearing_temperature_alarm_max,alarm_max,SM_Exgauster\[3:70],Уставка аварийная max ТП т8 Эксгаустер №5,analog,1
3,5,X-171,8,bearing_temperature_alarm_min,alarm_min,SM_Exgauster\[3:79],Уставка аварийная min ТП т8 Эксгаустер №5,analog,1
3,5,X-171,8,bearing_temperature_warning_max,warning_max,SM_Exgauster\[3:88],Уставка предупредительная max ТП т8 Эксгаустер №5,analog,1
3,5,X-171,8,bearing_temperature_warning_min,warning_min,SM_Exgauster\[3:97],Уставка предупредительная min ТП т8 Эксгаустер №5,analog,1
3,5,X-171,8,bearing_vibration_axial,vibration_axial,SM_Exgauster\[3:11],Осевая вибрация подшипника №8. Эксгаустер №5,analog,1
3,5,X-171,8,bearing_vibration_axial_alarm_max,alarm_max,SM_Exgauster\[3:146],Уставка аварийная max ОВ 8т Эксгаустер №5,analog,1
3,5,X-171,8,bearing_vibration_axial_alarm_min,alarm_min,SM_Exgauster\[3:158],Уставка аварийная min ОВ 8т Эксгаустер №5,analog,1
3,5,X-171,8,bearing_vibration_axial_warning_max,warning_max,SM_Exgauster\[3:170],Уставка предупредительная max ОВ 8т Эксгаустер №5,analog,1
3,5,X-171,8,bearing_vibration_axial_warning_min,warning_min,SM_Exgauster\[3:182],Уставка предупредительная min ОВ 8т Эксгаустер №5,analog,1
3,5,X-171,8,bearing_vibration_horizontal,vibration_horizontal,SM_Exgauster\[3:9],Горизонтал вибрация подшипника №8. Эксгаустер №5,analog,1
3,5,X-171,8,bearing_vibration_horizontal_alarm_max,alarm_max,SM_Exgauster\[3:144],Уставка аварийная max ГВ 8т Эксгаустер №5,analog,1
3,5,X-171,8,bearing_vibration_horizontal_alarm_min,alarm_min,SM_Exgauster\[3:156],Уставка аварийная min ГВ 8т Эксгаустер №5,analog,1
3,5,X-171,8,bearing_vibration_horizontal_warning_max,warning_max,SM_Exgauster\[3:168],Уставка предупредительная max ГВ 8т Эксгаустер №5,analog,1
3,5,X-171,8,bearing_vibration_horizontal_warning_min,warning_min,SM_Exgauster\[3:180],Уставка предупредительная min ГВ 8т Эксгаустер №5,analog,1
3,5,X-171,8,bearing_vibration_vertical,vibration_vertical,SM_Exgauster\[3:10],Вертикал вибрация подшипника №8. Эксгаустер №5,analog,1
3,5,X-171,8,bearing_vibration_vertical_alarm_max,alarm_max,SM_Exgauster\[3:145],Уставка аварийная max ВВ 8т Эксгаустер №5,analog,1
3,5,X-171,8,bearing_vibration_vertical_alarm_min,alarm_min,SM_Exgauster\[3:157],Уставка аварийная min ВВ 8т Эксгаустер №5,analog,1
3,5,X-171,8,bearing_vibration_vertical_warning_max,warning_max,SM_Exgauster\[3:169],Уставка предупредительная max ВВ 8т Эксгаустер №5,analog,1
3,5,X-171,8,bearing_vibration_vertical_warning_min,warning_min,SM_Exgauster\[3:181],Уставка предупредительная min ВВ 8т Эксгаустер №5,analog,1
3,5,X-171,9,bearing_temperature,temperature,SM_Exgauster\[3:35],Температура нагрева подшипника №9 (ротор эксгаустера №5),analog,1
3,5,X-171,9,bearing_temperature_alarm_max,alarm_max,SM_Exgauster\[3:71],Уставка аварийная max ТП т9 Эксгаустер №5,analog,1
3,5,X-171,9,bearing_temperature_alarm_min,alarm_min,SM_Exgauster\[3:80],Уставка аварийная min ТП т9 Эксгаустер №5,analog,1
3,5,X-171,9,bearing_temperature_warning_max,warning_max,SM_Exgauster\[3:89],Уставка предупредительная max ТП т9 Эксгаустер №5,analog,1
3,5,X-171,9,bearing_temperature_warning_min,warning_min,SM_Exgauster\[3:98],Уставка предупредительная min ТП т9 Эксгаустер №5,analog,1
3,5,X-171,,cooler_oil,temperature_after,SM_Exgauster\[3:42],Температура масла после охладителя. Эксгаустер №5,analog,1
3,5,X-171,,cooler_oil,temperature_before,SM_Exgauster\[3:41],Температура масла до охладителя. Эксгаустер №5,analog,1
3,5,X-171,,cooler_water,temperature_after,SM_Exgauster\[3:37],Температура воды на выходе охладителя. Эксгаустер №5,analog,1
3,5,X-171,,cooler_water,temperature_before,SM_Exgauster\[3:36],Температура воды до охладителя. Эксгаустер №5,analog,1
3,5,X-171,,gas,temperature_before,SM_Exgauster\[3:24],Температура перед эксгаустером №5,analog,1
3,5,X-171,,gas,underpressure_before,SM_Exgauster\[3:61],Разрежение перед эксгаустером №5,analog,1
3,5,X-171,,valve_pos,gas_valve_closed,SM_Exgauster\[5.1],ЗАКРЫТО задвижка газ эксгаустер №5,digital,1
3,5,X-171,,valve_pos,gas_valve_open,SM_Exgauster\[5.2],ОТКРЫТО задвижка газ эксгаустер №5,digital,1
3,5,X-171,,valve_pos,gas_valve_position,SM_Exgauster\[5:6],Положение задвижки газ эксгаустера №5,analog,1
3,5,X-171,,main_drive,rotor_current,SM_Exgauster\[5:2],Ток ротора эксгаустера №5,analog,1
3,5,X-171,,main_drive,rotor_voltage,SM_Exgauster\[5:4],Напряжение ротора эксгаустера №5,analog,1
3,5,X-171,,main_drive,stator_current,SM_Exgauster\[5:3],Ток статора эксгаустера №5,analog,1
3,5,X-171,,main_drive,stator_voltage,SM_Exgauster\[5:5],Напряжение статораэксгаустера №5,analog,1
3,5,X-171,,oil,oil_level,SM_Exgauster\[5:0],Уровень масла в маслосистеме эксгаустера №5,analog,1
3,5,X-171,,oil,oil_pressure,SM_Exgauster\[5:1],Давление масла в маслосистеме эксгаустера №5,analog,1
3,5,X-171,,work,work,SM_Exgauster\[3.0],46 Работа эксгаустера №5,digital,1
3,6,X-172,1,bearing_temperature,temperature,SM_Exgauster\[3:43],Температура нагрева подшипника №1 (ротора привода эксгаустера №6),analog,1
3,6,X-172,1,bearing_temperature_alarm_max,alarm_max,SM_Exgauster\[3:99],Уставка аварийная max ТП т1 Эксгаустер №6,analog,1
3,6,X-172,1,bearing_temperature_alarm_min,alarm_min,SM_Exgauster\[3:108],Уставка аварийная min ТП т1 Эксгаустер №6,analog,1
3,6,X-172,1,bearing_temperature_warning_max,warning_max,SM_Exgauster\[3:117],Уставка предупредительная max ТП т1 Эксгаустер №6,analog,1
3,6,X-172,1,bearing_temperature_warning_min,warning_min,SM_Exgauster\[3:126],Уставка предупредительная min ТП т1 Эксгаустер №6,analog,1
3,6,X-172,1,bearing_vibration_axial,vibration_axial,SM_Exgauster\[3:14],Осевая вибрация подшипника №1. Эксгаустер №6,analog,1
3,6,X-172,1,bearing_vibration_axial_alarm_max,alarm_max,SM_Exgauster\[3:185],Уставка аварийная max ОВ 1т Эксгаустер №6,analog,1
3,6,X-172,1,bearing_vibration_axial_alarm_min,alarm_min,SM_Exgauster\[3:197],Уставка аварийная min ОВ 1т Эксгаустер №6,analog,1
3,6,X-172,1,bearing_vibration_axial_warning_max,warning_max,SM_Exgauster\[3:209],Уставка предупредительная max ОВ 1т Эксгаустер №6,analog,1
3,6,X-172,1,bearing_vibration_axial_warning_min,warning_min,SM_Exgauster\[3:221],Уставка предупредительная min ОВ 1т Эксгаустер №6,analog,1
3,6,X-172,1,bearing_vibration_horizontal,vibration_horizontal,SM_Exgauster\[3:12],Горизонтал вибрация подшипника №1. Эксгаустер №6,analog,1
3,6,X-172,1,bearing_vibration_horizontal_alarm_max,alarm_max,SM_Exgauster\[3:183],Уставка аварийная max ГВ 1т Эксгаустер №6,analog,1
3,6,X-172,1,bearing_vibration_horizontal_alarm_min,alarm_min,SM_Exgauster\[3:195],Уставка аварийная min ГВ 1т Эксгаустер №6,analog,1
3,6,X-172,1,bearing_vibration_horizontal_warning_max,warning_max,SM_Exgauster\[3:207],Уставка предупредительная max ГВ 1т Эксгаустер №6,analog,1
3,6,X-172,1,bearing_vibration_horizontal_warning_min,warning_min,SM_Exgauster\[3:219],Уставка предупредительная min ГВ 1т Эксгаустер №6,analog,1
3,6,X-172,1,bearing_vibration_vertical,vibration_vertical,SM_Exgauster\[3:13],Вертикал вибрация подшипника №1. Эксгаустер №6,analog,1
3,6,X-172,1,bearing_vibration_vertical_alarm_max,alarm_max,SM_Exgauster\[3:184],Уставка аварийная max ВВ 1т Эксгаустер №6,analog,1
3,6,X-172,1,bearing_vibration_vertical_alarm_min,alarm_min,SM_Exgauster\[3:196],Уставка аварийная min ВВ 1т Эксгаустер №6,analog,1
3,6,X-172,1,bearing_vibration_vertical_warning_max,warning_max,SM_Exgauster\[3:208],Уставка предупредительная max ВВ 1т Эксгаустер №6,analog,1
3,6,X-172,1,bearing_vibration_vertical_warning_min,warning_min,SM_Exgauster\[3:220],Уставка предупредительная min ВВ 1т Эксгаустер №6,analog,1
3,6,X-172,2,bearing_temperature,temperature,SM_Exgauster\[3:44],Температура нагрева подшипника №2 (ротора привода эксгаустера №6),analog,1
3,6,X-172,2,bearing_temperature_alarm_max,alarm_max,SM_Exgauster\[3:100],Уставка аварийная max ТП т2 Эксгаустер №6,analog,1
3,6,X-172,2,bearing_temperature_alarm_min,alarm_min,SM_Exgauster\[3:109],Уставка аварийная min ТП т2 Эксгаустер №6,analog,1
3,6,X-172,2,bearing_temperature_warning_max,warning_max,SM_Exgauster\[3:118],Уставка предупредительная max ТП т2 Эксгаустер №6,analog,1
3,6,X-172,2,bearing_temperature_warning_min,warning_min,SM_Exgauster\[3:127],Уставка предупредительная min ТП т2 Эксгаустер №6,analog,1
3,6,X-172,2,bearing_vibration_axial,vibration_axial,SM_Exgauster\[3:17],Осевая вибрация подшипника №2. Эксгаустер №6,analog,1
3,6,X-172,2,bearing_vibration_axial_alarm_max,alarm_max,SM_Exgauster\[3:188],Уставка аварийная max ОВ 2т Эксгаустер №6,analog,1
3,6,X-172,2,bearing_vibration_axial_alarm_min,alarm_min,SM_Exgauster\[3:200],Уставка аварийная min ОВ 2т Эксгаустер №6,analog,1
3,6,X-172,2,bearing_vibration_axial_warning_max,warning_max,SM_Exgauster\[3:212],Уставка предупредительная max ОВ 2т Эксгаустер №6,analog,1
3,6,X-172,2,bearing_vibration_axial_warning_min,warning_min,SM_Exgauster\[3:224],Уставка предупредительная min ОВ 2т Эксгаустер №6,analog,1
3,6,X-172,2,bearing_vibration_horizontal,vibration_horizontal,SM_Exgauster\[3:15],Горизонтал вибрация подшипника №2. Эксгаустер №6,analog,1
3,6,X-172,2,bearing_vibration_horizontal_alarm_max,alarm_max,SM_Exgauster\[3:186],Уставка аварийная max ГВ 2т Эксгаустер №6,analog,1
3,6,X-172,2,bearing_vibration_horizontal_alarm_min,alarm_min,SM_Exgauster\[3:198],Уставка аварийная min ГВ 2т Эксгаустер №6,analog,1
3,6,X-172,2,bearing_vibration_horizontal_warning_max,warning_max,SM_Exgauster\[3:210],Уставка предупредительная max ГВ 2т Эксгаустер №6,analog,1
3,6,X-172,2,bearing_vibration_horizontal_warning_min,warning_min,SM_Exgauster\[3:222],Уставка предупредительная min ГВ 2т Эксгаустер №6,analog,1
3,6,X-172,2,bearing_vibration_vertical,vibration_vertical,SM_Exgauster\[3:16],Вертикал вибрация подшипника №2. Эксгаустер №6,analog,1
3,6,X-172,2,bearing_vibration_vertical_alarm_max,alarm_max,SM_Exgauster\[3:187],Уставка аварийная max ВВ 2т Эксгаустер №6,analog,1
3,6,X-172,2,bearing_vibration_vertical_alarm_min,alarm_min,SM_Exgauster\[3:199],Уставка аварийная min ВВ 2т Эксгаустер №6,analog,1
3,6,X-172,2,bearing_vibration_vertical_warning_max,warning_max,SM_Exgauster\[3:211],Уставка предупредительная max ВВ 2т Эксгаустер №6,analog,1
3,6,X-172,2,bearing_vibration_vertical_warning_min,warning_min,SM_Exgauster\[3:223],Уставка предупредительная min ВВ 2т Эксгаустер №6,analog,1
3,6,X-172,3,bearing_temperature,temperature,SM_Exgauster\[3:45],Температура нагрева подшипника №3 (редуктор эксгаустера №6),analog,1
3,6,X-172,3,bearing_temperature_alarm_max,alarm_max,SM_Exgauster\[3:101],Уставка аварийная max ТП т3 Эксгаустер №6,analog,1
3,6,X-172,3,bearing_temperature_alarm_min,alarm_min,SM_Exgauster\[3:110],Уставка аварийная min ТП т3 Эксгаустер №6,analog,1
3,6,X-172,3,bearing_temperature_warning_max,warning_max,SM_Exgauster\[3:119],Уставка предупредительная max ТП т3 Эксгаустер №6,analog,1
3,6,X-172,3,bearing_temperature_warning_min,warning_min,SM_Exgauster\[3:128],Уставка предупредительная min ТП т3 Эксгаустер №6,analog,1
3,6,X-172,4,bearing_temperature,temperature,SM_Exgauster\[3:47],Температура нагрева подшипника №4 (редуктор эксгаустера №6),analog,1
3,6,X-172,4,bearing_temperature_alarm_max,alarm_max,SM_Exgauster\[3:102],Уставка аварийная max ТП т4 Эксгаустер №6,analog,1
3,6,X-172,4,bearing_temperature_alarm_min,alarm_min,SM_Exgauster\[3:111],Уставка аварийная min ТП т4 Эксгаустер №6,analog,1
3,6,X-172,4,bearing_temperature_warning_max,warning_max,SM_Exgauster\[3:120],Уставка предупредительная max ТП т4 Эксгаустер №6,analog,1
3,6,X-172,4,bearing_temperature_warning_min,warning_min,SM_Exgauster\[3:129],Уставка предупредительная min ТП т4 Эксгаустер №6,analog,1
3,6,X-172,5,bearing_temperature,temperature,SM_Exgauster\[3:48],Температура нагрева подшипника №5 (редуктор эксгаустера №6),analog,1
3,6,X-172,5,bearing_temperature_alarm_max,alarm_max,SM_Exgauster\[3:103],Уставка аварийная max ТП т5 Эксгаустер №6,analog,1
3,6,X-172,5,bearing_temperature_alarm_min,alarm_min,SM_Exgauster\[3:112],Уставка аварийная min ТП т5 Эксгаустер №6,analog,1
3,6,X-172,5,bearing_temperature_warning_max,warning_max,SM_Exgauster\[3:121],Уставка предупредительная max ТП т5 Эксгаустер №6,analog,1
3,6,X-172,5,bearing_temperature_warning_min,warning_min,SM_Exgauster\[3:130],Уставка предупредительная min ТП т5 Эксгаустер №6,analog,1
3,6,X-172,6,bearing_temperature,temperature,SM_Exgauster\[3:49],Температура нагрева подшипника №6 (редуктор эксгаустера №6),analog,1
3,6,X-172,6,bearing_temperature_alarm_max,alarm_max,SM_Exgauster\[3:104],Уставка аварийная max ТП т6 Эксгаустер №6,analog,1
3,6,X-172,6,bearing_temperature_alarm_min,alarm_min,SM_Exgauster\[3:113],Уставка аварийная min ТП т6 Эксгаустер №6,analog,1
3,6,X-172,6,bearing_temperature_warning_max,warning_max,SM_Exgauster\[3:122],Уставка предупредительная max ТП т6 Эксгаустер №6,analog,1
3,6,X-172,6,bearing_temperature_warning_min,warning_min,SM_Exgauster\[3:131],Уставка предупредительная min ТП т6 Эксгаустер №6,analog,1
3,6,X-172,7,bearing_temperature,temperature,SM_Exgauster\[3:50],Температура нагрева подшипника №7 (ротор эксгаустера №6),analog,1
3,6,X-172,7,bearing_temperature_alarm_max,alarm_max,SM_Exgauster\[3:105],Уставка аварийная max ТП т7 Эксгаустер №6,analog,1
3,6,X-172,7,bearing_temperature_alarm_min,alarm_min,SM_Exgauster\[3:114],Уставка аварийная min ТП т7 Эксгаустер №6,analog,1
3,6,X-172,7,bearing_temperature_warning_max,warning_max,SM_Exgauster\[3:123],Уставка предупредительная max ТП т7 Эксгаустер №6,analog,1
3,6,X-172,7,bearing_temperature_warning_min,warning_min,SM_Exgauster\[3:132],Уставка предупредительная min ТП т7 Эксгаустер №6,analog,1
3,6,X-172,7,bearing_vibration_axial,vibration_axial,SM_Exgauster\[3:20],Осевая вибрация подшипника №7. Эксгаустер №6,analog,1
3,6,X-172,7,bearing_vibration_axial_alarm_max,alarm_max,SM_Exgauster\[3:191],Уставка аварийная max ОВ 7т Эксгаустер №6,analog,1
3,6,X-172,7,bearing_vibration_axial_alarm_min,alarm_min,SM_Exgauster\[3:203],Уставка аварийная min ОВ 7т Эксгаустер №6,analog,1
3,6,X-172,7,bearing_vibration_axial_warning_max,warning_max,SM_Exgauster\[3:215],Уставка предупредительная max ОВ 7т Эксгаустер №6,analog,1
3,6,X-172,7,bearing_vibration_axial_warning_min,warning_min,SM_Exgauster\[3:227],Уставка предупредительная min ОВ 7т Эксгаустер №6,analog,1
3,6,X-172,7,bearing_vibration_horizontal,vibration_horizontal,SM_Exgauster\[3:18],Горизонтал вибрация подшипника №7. Эксгаустер №6,analog,1
3,6,X-172,7,bearing_vibration_horizontal_alarm_max,alarm_max,SM_Exgauster\[3:189],Уставка аварийная max ГВ 7т Эксгаустер №6,analog,1
3,6,X-172,7,bearing_vibration_horizontal_alarm_min,alarm_min,SM_Exgauster\[3:201],Уставка аварийная min ГВ 7т Эксгаустер №6,analog,1
3,6,X-172,7,bearing_vibration_horizontal_warning_max,warning_max,SM_Exgauster\[3:213],Уставка предупредительная max ГВ 7т Эксгаустер №6,analog,1
3,6,X-172,7,bearing_vibration_horizontal_warning_min,warning_min,SM_Exgauster\[3:225],Уставка предупредительная min ГВ 7т Эксгаустер №6,analog,1
3,6,X-172,7,bearing_vibration_vertical,vibration_vertical,SM_Exgauster\[3:19],Вертикал вибрация подшипника №7. Эксгаустер №6,analog,1
3,6,X-172,7,bearing_vibration_vertical_alarm_max,alarm_max,SM_Exgauster\[3:190],Уставка аварийная max ВВ 7т Эксгаустер №6,analog,1
3,6,X-172,7,bearing_vibration_vertical_alarm_min,alarm_min,SM_Exgauster\[3:202],Уставка аварийная min ВВ 7т Эксгаустер №6,analog,1
3,6,X-172,7,bearing_vibration_vertical_warning_max,warning_max,SM_Exgauster\[3:214],Уставка предупредительная max ВВ 7т Эксгаустер №6,analog,1
3,6,X-172,7,bearing_vibration_vertical_warning_min,warning_min,SM_Exgauster\[3:226],Уставка предупредительная min ВВ 7т Эксгаустер №6,analog,1
3,6,X-172,8,bearing_temperature,temperature,SM_Exgauster\[3:51],Температура нагрева подшипника №8 (ротор эксгаустера №6),analog,1
3,6,X-172,8,bearing_temperature_alarm_max,alarm_max,SM_Exgauster\[3:106],Уставка аварийная max ТП т8 Эксгаустер №6,analog,1
3,6,X-172,8,bearing_temperature_alarm_min,alarm_min,SM_Exgauster\[3:115],Уставка аварийная min ТП т8 Эксгаустер №6,analog,1
3,6,X-172,8,bearing_temperature_warning_max,warning_max,SM_Exgauster\[3:124],Уставка предупредительная max ТП т8 Эксгаустер №6,analog,1
3,6,X-172,8,bearing_temperature_warning_min,warning_min,SM_Exgauster\[3:133],Уставка предупредительная min ТП т8 Эксгаустер №6,analog,1
3,6,X-172,8,bearing_vibration_axial,vibration_axial,SM_Exgauster\[3:23],Осевая вибрация подшипника №8. Эксгаустер №6,analog,1
3,6,X-172,8,bearing_vibration_axial_alarm_max,alarm_max,SM_Exgauster\[3:194],Уставка аварийная max ОВ 8т Эксгаустер №6,analog,1
3,6,X-172,8,bearing_vibration_axial_alarm_min,alarm_min,SM_Exgauster\[3:206],Уставка аварийная min ОВ 8т Эксгаустер №6,analog,1
3,6,X-172,8,bearing_vibration_axial_warning_max,warning_max,SM_Exgauster\[3:218],Уставка предупредительная max ОВ 8т Эксгаустер №6,analog,1
3,6,X-172,8,bearing_vibration_axial_warning_min,warning_min,SM_Exgauster\[3:230],Уставка предупредительная min ОВ 8т Эксгаустер №6,analog,1
3,6,X-172,8,bearing_vibration_horizontal,vibration_horizontal,SM_Exgauster\[3:21],Горизонтал вибрация подшипника №8. Эксгаустер №6,analog,1
3,6,X-172,8,bearing_vibration_horizontal_alarm_max,alarm_max,SM_Exgauster\[3:192],Уставка аварийная max ГВ 8т Эксгаустер №6,analog,1
3,6,X-172,8,bearing_vibration_horizontal_alarm_min,alarm_min,SM_Exgauster\[3:204],Уставка аварийная min ГВ 8т Эксгаустер №6,analog,1
3,6,X-172,8,bearing_vibration_horizontal_warning_max,warning_max,SM_Exgauster\[3:216],Уставка предупредительная max ГВ 8т Эксгаустер №6,analog,1
3,6,X-172,8,bearing_vibration_horizontal_warning_min,warning_min,SM_Exgauster\[3:228],Уставка предупредительная min ГВ 8т Эксгаустер №6,analog,1
3,6,X-172,8,bearing_vibration_vertical,vibration_vertical,SM_Exgauster\[3:22],Вертикал вибрация подшипника №8. Эксгаустер №6,analog,1
3,6,X-172,8,bearing_vibration_vertical_alarm_max,alarm_max,SM_Exgauster\[3:193],Уставка аварийная max ВВ 8т Эксгаустер №6,analog,1
3,6,X-172,8,bearing_vibration_vertical_alarm_min,alarm_min,SM_Exgauster\[3:205],Уставка аварийная min ВВ 8т Эксгаустер №6,analog,1
3,6,X-172,8,bearing_vibration_vertical_warning_max,warning_max,SM_Exgauster\[3:217],Уставка предупредительная max ВВ 8т Эксгаустер №6,analog,1
3,6,X-172,8,bearing_vibration_vertical_warning_min,warning_min,SM_Exgauster\[3:229],Уставка предупредительная min ВВ 8т Эксгаустер №6,analog,1
3,6,X-172,9,bearing_temperature,temperature,SM_Exgauster\[3:52],Температура нагрева подшипника №9 (ротор эксгаустера №6),analog,1
3,6,X-172,9,bearing_temperature_alarm_max,alarm_max,SM_Exgauster\[3:107],Уставка аварийная max ТП т9 Эксгаустер №6,analog,1
3,6,X-172,9,bearing_temperature_alarm_min,alarm_min,SM_Exgauster\[3:116],Уставка аварийная min ТП т9 Эксгаустер №6,analog,1
3,6,X-172,9,bearing_temperature_warning_max,warning_max,SM_Exgauster\[3:125],Уставка предупредительная max ТП т9 Эксгаустер №6,analog,1
3,6,X-172,9,bearing_temperature_warning_min,warning_min,SM_Exgauster\[3:134],Уставка предупредительная min ТП т9 Эксгаустер №6,analog,1
3,6,X-172,,cooler_oil,temperature_after,SM_Exgauster\[3:60],Температура масла после охладителя. Эксгаустер №6,analog,1
3,6,X-172,,cooler_oil,temperature_before,SM_Exgauster\[3:59],Температура масла до охладителя. Эксгаустер №6,analog,1
3,6,X-172,,cooler_water,temperature_after,SM_Exgauster\[3:54],Температура воды на выходе охладителя. Эксгаустер №6,analog,1
3,6,X-172,,cooler_water,temperature_before,SM_Exgauster\[3:53],Температура воды до охладителя. Эксгаустер №6,analog,1
3,6,X-172,,gas,temperature_before,SM_Exgauster\[3:25],Температура перед эксгаустером №6,analog,1
3,6,X-172,,gas,underpressure_before,SM_Exgauster\[3:62],Разрежение перед эксгаустером №6,analog,1
3,6,X-172,,valve_pos,gas_valve_closed,SM_Exgauster\[5.6],ЗАКРЫТО задвижка газ эксгаустер №6,digital,1
3,6,X-172,,valve_pos,gas_valve_open,SM_Exgauster\[5.7],ОТКРЫТО задвижка газ эксгаустер №6,digital,1
3,6,X-172,,valve_pos,gas_valve_position,SM_Exgauster\[5:13],Положение задвижки газ эксгаустера №6,analog,1
3,6,X-172,,main_drive,rotor_current,SM_Exgauster\[5:9],Ток ротора эксгаустера №6,analog,1
3,6,X-172,,main_drive,rotor_voltage,SM_Exgauster\[5:11],Напряжение ротора эксгаустера №6,analog,1
3,6,X-172,,main_drive,stator_current,SM_Exgauster\[5:10],Ток статора эксгаустера №6,analog,1
3,6,X-172,,main_drive,stator_voltage,SM_Exgauster\[5:12],Напряжение статораэксгаустера №6,analog,1
3,6,X-172,,oil,oil_level,SM_Exgauster\[5:7],Уровень масла в маслосистеме эксгаустера №6,analog,1
3,6,X-172,,oil,oil_pressure,SM_Exgauster\[5:8],Давление масла в маслосистеме эксгаустера №6,analog,1
3,6,X-172,,work,work,SM_Exgauster\[3.1],62 Работа эксгаустера №6,digital,1
